Invoice ID,Product line,Unit price,Quantity,Tax 5%,Total,Payment,Costs of goods sold,Gross margin percentage,Gross income
750-67-8428,Health and beauty,74.69,7,26.1415,548.9715,Ewallet,522.83,4.8,25.09584
226-31-3081,Electronic accessories,15.28,5,3.82,80.22,Cash,76.4,4.8,3.6672
631-41-3108,Home and lifestyle,46.33,7,16.2155,340.5255,Credit card,324.31,4.8,15.56688
123-19-1176,Health and beauty,58.22,8,23.288,489.048,Ewallet,465.76,4.8,22.35648
373-73-7910,Sports and travel,86.31,7,30.2085,634.3785,Ewallet,604.17,4.8,29.00016
699-14-3026,Electronic accessories,85.39,7,29.8865,627.6165,Ewallet,597.73,4.8,28.69104
355-53-5943,Electronic accessories,68.84,6,20.652,433.692,Ewallet,413.04,4.8,19.82592
315-22-5665,Home and lifestyle,73.56,10,36.78,772.38,Ewallet,735.6,4.8,35.3088
665-32-9167,Health and beauty,36.26,2,3.626,76.146,Credit card,72.52,4.8,3.48096
692-92-5582,Food and beverages,54.84,3,8.226,172.746,Credit card,164.52,4.8,7.89696
351-62-0822,Fashion accessories,14.48,4,2.896,60.816,Ewallet,57.92,4.8,2.78016
529-56-3974,Electronic accessories,25.51,4,5.102,107.142,Cash,102.04,4.8,4.89792
365-64-0515,Electronic accessories,46.95,5,11.7375,246.4875,Ewallet,234.75,4.8,11.268
252-56-2699,Food and beverages,43.19,10,21.595,453.495,Ewallet,431.9,4.8,20.7312
829-34-3910,Health and beauty,71.38,10,35.69,749.49,Cash,713.8,4.8,34.2624
299-46-1805,Sports and travel,93.72,6,28.116,590.436,Cash,562.32,4.8,26.99136
656-95-9349,Health and beauty,68.93,7,24.1255,506.6355,Credit card,482.51,4.8,23.16048
765-26-6951,Sports and travel,72.61,6,21.783,457.443,Credit card,435.66,4.8,20.91168
329-62-1586,Food and beverages,54.67,3,8.2005,172.2105,Credit card,164.01,4.8,7.87248
319-50-3348,Home and lifestyle,40.3,2,4.03,84.63,Ewallet,80.6,4.8,3.8688
300-71-4605,Electronic accessories,86.04,5,21.51,451.71,Ewallet,430.2,4.8,20.6496
371-85-5789,Health and beauty,87.98,3,13.197,277.137,Ewallet,263.94,4.8,12.66912
273-16-6619,Home and lifestyle,33.2,2,3.32,69.72,Credit card,66.4,4.8,3.1872
636-48-8204,Electronic accessories,34.56,5,8.64,181.44,Ewallet,172.8,4.8,8.2944
549-59-1358,Sports and travel,88.63,3,13.2945,279.1845,Ewallet,265.89,4.8,12.76272
227-03-5010,Home and lifestyle,52.59,8,21.036,441.756,Credit card,420.72,4.8,20.19456
649-29-6775,Fashion accessories,33.52,1,1.676,35.196,Cash,33.52,4.8,1.60896
189-17-4241,Fashion accessories,87.67,2,8.767,184.107,Credit card,175.34,4.8,8.41632
145-94-9061,Food and beverages,88.36,5,22.09,463.89,Cash,441.8,4.8,21.2064
848-62-7243,Health and beauty,24.89,9,11.2005,235.2105,Cash,224.01,4.8,10.75248
871-79-8483,Fashion accessories,94.13,5,23.5325,494.1825,Credit card,470.65,4.8,22.5912
149-71-6266,Sports and travel,78.07,9,35.1315,737.7615,Cash,702.63,4.8,33.72624
640-49-2076,Sports and travel,83.78,8,33.512,703.752,Cash,670.24,4.8,32.17152
595-11-5460,Health and beauty,96.58,2,9.658,202.818,Credit card,193.16,4.8,9.27168
183-56-6882,Food and beverages,99.42,4,19.884,417.564,Ewallet,397.68,4.8,19.08864
232-16-2483,Sports and travel,68.12,1,3.406,71.526,Ewallet,68.12,4.8,3.26976
129-29-8530,Sports and travel,62.62,5,15.655,328.755,Ewallet,313.1,4.8,15.0288
272-65-1806,Electronic accessories,60.88,9,27.396,575.316,Ewallet,547.92,4.8,26.30016
333-73-7901,Health and beauty,54.92,8,21.968,461.328,Ewallet,439.36,4.8,21.08928
777-82-7220,Home and lifestyle,30.12,8,12.048,253.008,Cash,240.96,4.8,11.56608
280-35-5823,Home and lifestyle,86.72,1,4.336,91.056,Ewallet,86.72,4.8,4.16256
554-53-8700,Home and lifestyle,56.11,2,5.611,117.831,Cash,112.22,4.8,5.38656
354-25-5821,Sports and travel,69.12,6,20.736,435.456,Cash,414.72,4.8,19.90656
228-96-1411,Food and beverages,98.7,8,39.48,829.08,Cash,789.6,4.8,37.9008
617-15-4209,Health and beauty,15.37,2,1.537,32.277,Cash,30.74,4.8,1.47552
132-32-9879,Electronic accessories,93.96,4,18.792,394.632,Cash,375.84,4.8,18.04032
370-41-7321,Health and beauty,56.69,9,25.5105,535.7205,Credit card,510.21,4.8,24.49008
727-46-3608,Food and beverages,20.01,9,9.0045,189.0945,Ewallet,180.09,4.8,8.64432
669-54-1719,Electronic accessories,18.93,6,5.679,119.259,Credit card,113.58,4.8,5.45184
574-22-5561,Fashion accessories,82.63,10,41.315,867.615,Ewallet,826.3,4.8,39.6624
326-78-5178,Food and beverages,91.4,7,31.99,671.79,Cash,639.8,4.8,30.7104
162-48-8011,Food and beverages,44.59,5,11.1475,234.0975,Cash,222.95,4.8,10.7016
616-24-2851,Fashion accessories,17.87,4,3.574,75.054,Ewallet,71.48,4.8,3.43104
778-71-5554,Fashion accessories,15.43,1,0.7715,16.2015,Credit card,15.43,4.8,0.74064
242-55-6721,Home and lifestyle,16.16,2,1.616,33.936,Ewallet,32.32,4.8,1.55136
399-46-5918,Electronic accessories,85.98,8,34.392,722.232,Cash,687.84,4.8,33.01632
106-35-6779,Home and lifestyle,44.34,2,4.434,93.114,Cash,88.68,4.8,4.25664
635-40-6220,Health and beauty,89.6,8,35.84,752.64,Ewallet,716.8,4.8,34.4064
817-48-8732,Home and lifestyle,72.35,10,36.175,759.675,Cash,723.5,4.8,34.728
120-06-4233,Electronic accessories,30.61,6,9.183,192.843,Cash,183.66,4.8,8.81568
285-68-5083,Sports and travel,24.74,3,3.711,77.931,Credit card,74.22,4.8,3.56256
803-83-5989,Home and lifestyle,55.73,6,16.719,351.099,Ewallet,334.38,4.8,16.05024
347-34-2234,Sports and travel,55.07,9,24.7815,520.4115,Ewallet,495.63,4.8,23.79024
199-75-8169,Sports and travel,15.81,10,7.905,166.005,Credit card,158.1,4.8,7.5888
853-23-2453,Health and beauty,75.74,4,15.148,318.108,Cash,302.96,4.8,14.54208
877-22-3308,Health and beauty,15.87,10,7.935,166.635,Cash,158.7,4.8,7.6176
838-78-4295,Health and beauty,33.47,2,3.347,70.287,Ewallet,66.94,4.8,3.21312
109-28-2512,Fashion accessories,97.61,6,29.283,614.943,Ewallet,585.66,4.8,28.11168
232-11-3025,Sports and travel,78.77,10,39.385,827.085,Cash,787.7,4.8,37.8096
382-03-4532,Health and beauty,18.33,1,0.9165,19.2465,Cash,18.33,4.8,0.87984
393-65-2792,Food and beverages,89.48,10,44.74,939.54,Credit card,894.8,4.8,42.9504
796-12-2025,Fashion accessories,62.12,10,31.06,652.26,Cash,621.2,4.8,29.8176
510-95-6347,Food and beverages,48.52,3,7.278,152.838,Ewallet,145.56,4.8,6.98688
841-35-6630,Electronic accessories,75.91,6,22.773,478.233,Cash,455.46,4.8,21.86208
287-21-9091,Home and lifestyle,74.67,9,33.6015,705.6315,Ewallet,672.03,4.8,32.25744
732-94-0499,Electronic accessories,41.65,10,20.825,437.325,Credit card,416.5,4.8,19.992
263-10-3913,Fashion accessories,49.04,9,22.068,463.428,Credit card,441.36,4.8,21.18528
381-20-0914,Fashion accessories,20.01,9,9.0045,189.0945,Credit card,180.09,4.8,8.64432
829-49-1914,Food and beverages,78.31,10,39.155,822.255,Ewallet,783.1,4.8,37.5888
756-01-7507,Health and beauty,20.38,5,5.095,106.995,Cash,101.9,4.8,4.8912
870-72-4431,Health and beauty,99.19,6,29.757,624.897,Credit card,595.14,4.8,28.56672
847-38-7188,Food and beverages,96.68,3,14.502,304.542,Ewallet,290.04,4.8,13.92192
480-63-2856,Food and beverages,19.25,8,7.7,161.7,Ewallet,154,4.8,7.392
787-56-0757,Food and beverages,80.36,4,16.072,337.512,Credit card,321.44,4.8,15.42912
360-39-5055,Sports and travel,48.91,5,12.2275,256.7775,Cash,244.55,4.8,11.7384
730-50-9884,Sports and travel,83.06,7,29.071,610.491,Ewallet,581.42,4.8,27.90816
362-58-8315,Fashion accessories,76.52,5,19.13,401.73,Cash,382.6,4.8,18.3648
633-44-8566,Food and beverages,49.38,7,17.283,362.943,Credit card,345.66,4.8,16.59168
504-35-8843,Sports and travel,42.47,1,2.1235,44.5935,Cash,42.47,4.8,2.03856
318-68-5053,Health and beauty,76.99,6,23.097,485.037,Cash,461.94,4.8,22.17312
565-80-5980,Home and lifestyle,47.38,4,9.476,198.996,Cash,189.52,4.8,9.09696
225-32-0908,Sports and travel,44.86,10,22.43,471.03,Ewallet,448.6,4.8,21.5328
873-51-0671,Sports and travel,21.98,7,7.693,161.553,Ewallet,153.86,4.8,7.38528
152-08-9985,Health and beauty,64.36,9,28.962,608.202,Credit card,579.24,4.8,27.80352
512-91-0811,Health and beauty,89.75,1,4.4875,94.2375,Credit card,89.75,4.8,4.308
594-34-4444,Electronic accessories,97.16,1,4.858,102.018,Ewallet,97.16,4.8,4.66368
766-85-7061,Health and beauty,87.87,10,43.935,922.635,Ewallet,878.7,4.8,42.1776
871-39-9221,Electronic accessories,12.45,6,3.735,78.435,Cash,74.7,4.8,3.5856
865-92-6136,Food and beverages,52.75,3,7.9125,166.1625,Ewallet,158.25,4.8,7.596
733-01-9107,Home and lifestyle,82.7,6,24.81,521.01,Cash,496.2,4.8,23.8176
163-56-7055,Fashion accessories,48.71,1,2.4355,51.1455,Cash,48.71,4.8,2.33808
189-98-2939,Fashion accessories,78.55,9,35.3475,742.2975,Cash,706.95,4.8,33.9336
551-21-3069,Electronic accessories,23.07,9,10.3815,218.0115,Cash,207.63,4.8,9.96624
212-62-1842,Food and beverages,58.26,6,17.478,367.038,Cash,349.56,4.8,16.77888
716-39-1409,Health and beauty,30.35,7,10.6225,223.0725,Cash,212.45,4.8,10.1976
704-48-3927,Electronic accessories,88.67,10,44.335,931.035,Ewallet,886.7,4.8,42.5616
628-34-3388,Fashion accessories,27.38,6,8.214,172.494,Credit card,164.28,4.8,7.88544
630-74-5166,Sports and travel,62.13,6,18.639,391.419,Cash,372.78,4.8,17.89344
588-01-7461,Food and beverages,33.98,9,15.291,321.111,Cash,305.82,4.8,14.67936
861-77-0145,Electronic accessories,81.97,10,40.985,860.685,Cash,819.7,4.8,39.3456
479-26-8945,Sports and travel,16.49,2,1.649,34.629,Ewallet,32.98,4.8,1.58304
210-67-5886,Health and beauty,98.21,3,14.7315,309.3615,Credit card,294.63,4.8,14.14224
227-78-1148,Fashion accessories,72.84,7,25.494,535.374,Cash,509.88,4.8,24.47424
645-44-1170,Home and lifestyle,58.07,9,26.1315,548.7615,Ewallet,522.63,4.8,25.08624
237-01-6122,Home and lifestyle,80.79,9,36.3555,763.4655,Credit card,727.11,4.8,34.90128
225-98-1496,Fashion accessories,27.02,3,4.053,85.113,Credit card,81.06,4.8,3.89088
291-32-1427,Fashion accessories,21.94,5,5.485,115.185,Ewallet,109.7,4.8,5.2656
659-65-8956,Fashion accessories,51.36,1,2.568,53.928,Ewallet,51.36,4.8,2.46528
642-32-2990,Food and beverages,10.96,10,5.48,115.08,Ewallet,109.6,4.8,5.2608
378-24-2715,Home and lifestyle,53.44,2,5.344,112.224,Ewallet,106.88,4.8,5.13024
638-60-7125,Electronic accessories,99.56,8,39.824,836.304,Credit card,796.48,4.8,38.23104
659-36-1684,Sports and travel,57.12,7,19.992,419.832,Credit card,399.84,4.8,19.19232
219-22-9386,Sports and travel,99.96,9,44.982,944.622,Credit card,899.64,4.8,43.18272
336-78-2147,Home and lifestyle,63.91,8,25.564,536.844,Credit card,511.28,4.8,24.54144
268-27-6179,Fashion accessories,56.47,8,22.588,474.348,Ewallet,451.76,4.8,21.68448
668-90-8900,Home and lifestyle,93.69,7,32.7915,688.6215,Credit card,655.83,4.8,31.47984
870-54-3162,Sports and travel,32.25,5,8.0625,169.3125,Cash,161.25,4.8,7.74
189-08-9157,Fashion accessories,31.73,9,14.2785,299.8485,Credit card,285.57,4.8,13.70736
663-86-9076,Food and beverages,68.54,8,27.416,575.736,Ewallet,548.32,4.8,26.31936
549-84-7482,Sports and travel,90.28,9,40.626,853.146,Ewallet,812.52,4.8,39.00096
191-10-6171,Fashion accessories,39.62,7,13.867,291.207,Cash,277.34,4.8,13.31232
802-70-5316,Sports and travel,92.13,6,27.639,580.419,Cash,552.78,4.8,26.53344
695-51-0018,Sports and travel,34.84,4,6.968,146.328,Cash,139.36,4.8,6.68928
590-83-4591,Electronic accessories,87.45,6,26.235,550.935,Credit card,524.7,4.8,25.1856
483-71-1164,Health and beauty,81.3,6,24.39,512.19,Ewallet,487.8,4.8,23.4144
597-78-7908,Fashion accessories,90.22,3,13.533,284.193,Cash,270.66,4.8,12.99168
700-81-1757,Electronic accessories,26.31,5,6.5775,138.1275,Credit card,131.55,4.8,6.3144
354-39-5160,Home and lifestyle,34.42,6,10.326,216.846,Cash,206.52,4.8,9.91296
241-72-9525,Sports and travel,51.91,10,25.955,545.055,Cash,519.1,4.8,24.9168
575-30-8091,Sports and travel,72.5,8,29,609,Ewallet,580,4.8,27.84
731-81-9469,Sports and travel,89.8,10,44.9,942.9,Credit card,898,4.8,43.104
280-17-4359,Health and beauty,90.5,10,45.25,950.25,Cash,905,4.8,43.44
338-65-2210,Health and beauty,68.6,10,34.3,720.3,Cash,686,4.8,32.928
488-25-4221,Food and beverages,30.41,1,1.5205,31.9305,Credit card,30.41,4.8,1.45968
239-10-7476,Home and lifestyle,77.95,6,23.385,491.085,Ewallet,467.7,4.8,22.4496
458-41-1477,Health and beauty,46.26,6,13.878,291.438,Credit card,277.56,4.8,13.32288
685-64-1609,Fashion accessories,30.14,10,15.07,316.47,Ewallet,301.4,4.8,14.4672
568-90-5112,Health and beauty,66.14,4,13.228,277.788,Credit card,264.56,4.8,12.69888
262-47-2794,Home and lifestyle,71.86,8,28.744,603.624,Credit card,574.88,4.8,27.59424
238-49-0436,Health and beauty,32.46,8,12.984,272.664,Credit card,259.68,4.8,12.46464
608-96-3517,Fashion accessories,91.54,4,18.308,384.468,Credit card,366.16,4.8,17.57568
584-86-7256,Sports and travel,34.56,7,12.096,254.016,Credit card,241.92,4.8,11.61216
746-94-0204,Fashion accessories,83.24,9,37.458,786.618,Credit card,749.16,4.8,35.95968
214-17-6927,Food and beverages,16.48,6,4.944,103.824,Ewallet,98.88,4.8,4.74624
400-89-4171,Sports and travel,80.97,8,32.388,680.148,Cash,647.76,4.8,31.09248
782-95-9291,Food and beverages,92.29,5,23.0725,484.5225,Credit card,461.45,4.8,22.1496
279-74-2924,Electronic accessories,72.17,1,3.6085,75.7785,Cash,72.17,4.8,3.46416
307-85-2293,Home and lifestyle,50.28,5,12.57,263.97,Ewallet,251.4,4.8,12.0672
743-04-1105,Health and beauty,97.22,9,43.749,918.729,Ewallet,874.98,4.8,41.99904
423-57-2993,Sports and travel,93.39,6,28.017,588.357,Ewallet,560.34,4.8,26.89632
894-41-5205,Food and beverages,43.18,8,17.272,362.712,Credit card,345.44,4.8,16.58112
275-28-0149,Sports and travel,63.69,1,3.1845,66.8745,Cash,63.69,4.8,3.05712
101-17-6199,Food and beverages,45.79,7,16.0265,336.5565,Credit card,320.53,4.8,15.38544
423-80-0988,Sports and travel,76.4,2,7.64,160.44,Ewallet,152.8,4.8,7.3344
548-46-9322,Food and beverages,39.9,10,19.95,418.95,Credit card,399,4.8,19.152
505-02-0892,Health and beauty,42.57,8,17.028,357.588,Ewallet,340.56,4.8,16.34688
234-65-2137,Home and lifestyle,95.58,10,47.79,1003.59,Cash,955.8,4.8,45.8784
687-47-8271,Fashion accessories,98.98,10,49.49,1039.29,Credit card,989.8,4.8,47.5104
796-32-9050,Food and beverages,51.28,6,15.384,323.064,Cash,307.68,4.8,14.76864
105-31-1824,Sports and travel,69.52,7,24.332,510.972,Credit card,486.64,4.8,23.35872
249-42-3782,Health and beauty,70.01,5,17.5025,367.5525,Ewallet,350.05,4.8,16.8024
316-55-4634,Food and beverages,80.05,5,20.0125,420.2625,Credit card,400.25,4.8,19.212
733-33-4967,Electronic accessories,20.85,8,8.34,175.14,Cash,166.8,4.8,8.0064
608-27-6295,Electronic accessories,52.89,6,15.867,333.207,Credit card,317.34,4.8,15.23232
414-12-7047,Food and beverages,19.79,8,7.916,166.236,Ewallet,158.32,4.8,7.59936
827-26-2100,Home and lifestyle,33.84,9,15.228,319.788,Ewallet,304.56,4.8,14.61888
175-54-2529,Food and beverages,22.17,8,8.868,186.228,Credit card,177.36,4.8,8.51328
139-52-2867,Fashion accessories,22.51,7,7.8785,165.4485,Credit card,157.57,4.8,7.56336
407-63-8975,Food and beverages,73.88,6,22.164,465.444,Ewallet,443.28,4.8,21.27744
342-65-4817,Health and beauty,86.8,3,13.02,273.42,Ewallet,260.4,4.8,12.4992
130-98-8941,Fashion accessories,64.26,7,22.491,472.311,Cash,449.82,4.8,21.59136
434-83-9547,Food and beverages,38.47,8,15.388,323.148,Cash,307.76,4.8,14.77248
851-28-6367,Sports and travel,15.5,10,7.75,162.75,Ewallet,155,4.8,7.44
824-88-3614,Health and beauty,34.31,8,13.724,288.204,Ewallet,274.48,4.8,13.17504
586-25-0848,Sports and travel,12.34,7,4.319,90.699,Credit card,86.38,4.8,4.14624
895-66-0685,Food and beverages,18.08,3,2.712,56.952,Ewallet,54.24,4.8,2.60352
305-14-0245,Home and lifestyle,94.49,8,37.796,793.716,Ewallet,755.92,4.8,36.28416
732-04-5373,Home and lifestyle,46.47,4,9.294,195.174,Cash,185.88,4.8,8.92224
400-60-7251,Home and lifestyle,74.07,1,3.7035,77.7735,Ewallet,74.07,4.8,3.55536
593-65-1552,Home and lifestyle,69.81,4,13.962,293.202,Credit card,279.24,4.8,13.40352
284-34-9626,Home and lifestyle,77.04,3,11.556,242.676,Credit card,231.12,4.8,11.09376
437-58-8131,Fashion accessories,73.52,2,7.352,154.392,Ewallet,147.04,4.8,7.05792
286-43-6208,Food and beverages,87.8,9,39.51,829.71,Cash,790.2,4.8,37.9296
641-43-2399,Home and lifestyle,25.55,4,5.11,107.31,Ewallet,102.2,4.8,4.9056
831-07-6050,Electronic accessories,32.71,5,8.1775,171.7275,Credit card,163.55,4.8,7.8504
556-86-3144,Fashion accessories,74.29,1,3.7145,78.0045,Cash,74.29,4.8,3.56592
848-24-9445,Health and beauty,43.7,2,4.37,91.77,Cash,87.4,4.8,4.1952
856-22-8149,Home and lifestyle,25.29,1,1.2645,26.5545,Ewallet,25.29,4.8,1.21392
699-01-4164,Health and beauty,41.5,4,8.3,174.3,Credit card,166,4.8,7.968
420-11-4919,Food and beverages,71.39,5,17.8475,374.7975,Credit card,356.95,4.8,17.1336
606-80-4905,Sports and travel,19.15,6,5.745,120.645,Credit card,114.9,4.8,5.5152
542-41-0513,Electronic accessories,57.49,4,11.498,241.458,Cash,229.96,4.8,11.03808
426-39-2418,Electronic accessories,61.41,7,21.4935,451.3635,Cash,429.87,4.8,20.63376
875-46-5808,Health and beauty,25.9,10,12.95,271.95,Ewallet,259,4.8,12.432
394-43-4238,Home and lifestyle,17.77,5,4.4425,93.2925,Credit card,88.85,4.8,4.2648
749-24-1565,Health and beauty,23.03,9,10.3635,217.6335,Ewallet,207.27,4.8,9.94896
672-51-8681,Electronic accessories,66.65,9,29.9925,629.8425,Credit card,599.85,4.8,28.7928
263-87-5680,Home and lifestyle,28.53,10,14.265,299.565,Ewallet,285.3,4.8,13.6944
573-58-9734,Fashion accessories,30.37,3,4.5555,95.6655,Ewallet,91.11,4.8,4.37328
817-69-8206,Electronic accessories,99.73,9,44.8785,942.4485,Credit card,897.57,4.8,43.08336
888-02-0338,Electronic accessories,26.23,9,11.8035,247.8735,Ewallet,236.07,4.8,11.33136
677-11-0152,Food and beverages,93.26,9,41.967,881.307,Cash,839.34,4.8,40.28832
142-63-6033,Home and lifestyle,92.36,5,23.09,484.89,Ewallet,461.8,4.8,22.1664
656-16-1063,Sports and travel,46.42,3,6.963,146.223,Credit card,139.26,4.8,6.68448
891-58-8335,Sports and travel,29.61,7,10.3635,217.6335,Cash,207.27,4.8,9.94896
802-43-8934,Home and lifestyle,18.28,1,0.914,19.194,Credit card,18.28,4.8,0.87744
560-30-5617,Sports and travel,24.77,5,6.1925,130.0425,Cash,123.85,4.8,5.9448
319-74-2561,Electronic accessories,94.64,3,14.196,298.116,Cash,283.92,4.8,13.62816
549-03-9315,Fashion accessories,94.87,8,37.948,796.908,Ewallet,758.96,4.8,36.43008
790-29-1172,Food and beverages,57.34,3,8.601,180.621,Credit card,172.02,4.8,8.25696
239-36-3640,Electronic accessories,45.35,6,13.605,285.705,Ewallet,272.1,4.8,13.0608
468-01-2051,Food and beverages,62.08,7,21.728,456.288,Ewallet,434.56,4.8,20.85888
389-25-3394,Electronic accessories,11.81,5,2.9525,62.0025,Cash,59.05,4.8,2.8344
279-62-1445,Fashion accessories,12.54,1,0.627,13.167,Cash,12.54,4.8,0.60192
213-72-6612,Food and beverages,43.25,2,4.325,90.825,Cash,86.5,4.8,4.152
746-68-6593,Sports and travel,87.16,2,8.716,183.036,Credit card,174.32,4.8,8.36736
836-82-5858,Health and beauty,69.37,9,31.2165,655.5465,Ewallet,624.33,4.8,29.96784
583-72-1480,Electronic accessories,37.06,4,7.412,155.652,Ewallet,148.24,4.8,7.11552
466-61-5506,Electronic accessories,90.7,6,27.21,571.41,Cash,544.2,4.8,26.1216
721-86-6247,Home and lifestyle,63.42,8,25.368,532.728,Ewallet,507.36,4.8,24.35328
289-65-5721,Fashion accessories,81.37,2,8.137,170.877,Cash,162.74,4.8,7.81152
545-46-3100,Electronic accessories,10.59,3,1.5885,33.3585,Credit card,31.77,4.8,1.52496
418-02-5978,Health and beauty,84.09,9,37.8405,794.6505,Cash,756.81,4.8,36.32688
269-04-5750,Fashion accessories,73.82,4,14.764,310.044,Cash,295.28,4.8,14.17344
157-13-5295,Health and beauty,51.94,10,25.97,545.37,Ewallet,519.4,4.8,24.9312
645-78-8093,Sports and travel,93.14,2,9.314,195.594,Ewallet,186.28,4.8,8.94144
211-30-9270,Health and beauty,17.41,5,4.3525,91.4025,Credit card,87.05,4.8,4.1784
755-12-3214,Fashion accessories,44.22,5,11.055,232.155,Credit card,221.1,4.8,10.6128
346-84-3103,Electronic accessories,13.22,5,3.305,69.405,Cash,66.1,4.8,3.1728
478-06-7835,Fashion accessories,89.69,1,4.4845,94.1745,Ewallet,89.69,4.8,4.30512
540-11-4336,Food and beverages,24.94,9,11.223,235.683,Credit card,224.46,4.8,10.77408
448-81-5016,Health and beauty,59.77,2,5.977,125.517,Credit card,119.54,4.8,5.73792
142-72-4741,Fashion accessories,93.2,2,9.32,195.72,Credit card,186.4,4.8,8.9472
217-58-1179,Home and lifestyle,62.65,4,12.53,263.13,Cash,250.6,4.8,12.0288
376-02-8238,Home and lifestyle,93.87,8,37.548,788.508,Credit card,750.96,4.8,36.04608
530-90-9855,Home and lifestyle,47.59,8,19.036,399.756,Cash,380.72,4.8,18.27456
866-05-7563,Electronic accessories,81.4,3,12.21,256.41,Cash,244.2,4.8,11.7216
604-70-6476,Fashion accessories,17.94,5,4.485,94.185,Ewallet,89.7,4.8,4.3056
799-71-1548,Electronic accessories,77.72,4,15.544,326.424,Credit card,310.88,4.8,14.92224
785-13-7708,Food and beverages,73.06,7,25.571,536.991,Credit card,511.42,4.8,24.54816
845-51-0542,Food and beverages,46.55,9,20.9475,439.8975,Ewallet,418.95,4.8,20.1096
662-47-5456,Fashion accessories,35.19,10,17.595,369.495,Credit card,351.9,4.8,16.8912
883-17-4236,Sports and travel,14.39,2,1.439,30.219,Credit card,28.78,4.8,1.38144
290-68-2984,Home and lifestyle,23.75,4,4.75,99.75,Cash,95,4.8,4.56
704-11-6354,Home and lifestyle,58.9,8,23.56,494.76,Cash,471.2,4.8,22.6176
110-48-7033,Fashion accessories,32.62,4,6.524,137.004,Cash,130.48,4.8,6.26304
366-93-0948,Electronic accessories,66.35,1,3.3175,69.6675,Credit card,66.35,4.8,3.1848
729-09-9681,Home and lifestyle,25.91,6,7.773,163.233,Ewallet,155.46,4.8,7.46208
151-16-1484,Electronic accessories,32.25,4,6.45,135.45,Ewallet,129,4.8,6.192
380-94-4661,Electronic accessories,65.94,4,13.188,276.948,Credit card,263.76,4.8,12.66048
850-41-9669,Electronic accessories,75.06,9,33.777,709.317,Ewallet,675.54,4.8,32.42592
821-07-3596,Fashion accessories,16.45,4,3.29,69.09,Ewallet,65.8,4.8,3.1584
655-85-5130,Fashion accessories,38.3,4,7.66,160.86,Cash,153.2,4.8,7.3536
447-15-7839,Sports and travel,22.24,10,11.12,233.52,Cash,222.4,4.8,10.6752
154-74-7179,Sports and travel,54.45,1,2.7225,57.1725,Ewallet,54.45,4.8,2.6136
253-12-6086,Sports and travel,98.4,7,34.44,723.24,Credit card,688.8,4.8,33.0624
808-65-0703,Home and lifestyle,35.47,4,7.094,148.974,Credit card,141.88,4.8,6.81024
571-94-0759,Food and beverages,74.6,10,37.3,783.3,Cash,746,4.8,35.808
144-51-6085,Home and lifestyle,70.74,4,14.148,297.108,Credit card,282.96,4.8,13.58208
731-14-2199,Home and lifestyle,35.54,10,17.77,373.17,Ewallet,355.4,4.8,17.0592
783-09-1637,Sports and travel,67.43,5,16.8575,354.0075,Ewallet,337.15,4.8,16.1832
687-15-1097,Health and beauty,21.12,2,2.112,44.352,Cash,42.24,4.8,2.02752
126-54-1082,Home and lifestyle,21.54,9,9.693,203.553,Credit card,193.86,4.8,9.30528
633-91-1052,Home and lifestyle,12.03,2,1.203,25.263,Cash,24.06,4.8,1.15488
477-24-6490,Health and beauty,99.71,6,29.913,628.173,Ewallet,598.26,4.8,28.71648
566-19-5475,Fashion accessories,47.97,7,16.7895,352.5795,Cash,335.79,4.8,16.11792
526-86-8552,Home and lifestyle,21.82,10,10.91,229.11,Cash,218.2,4.8,10.4736
376-56-3573,Fashion accessories,95.42,4,19.084,400.764,Ewallet,381.68,4.8,18.32064
537-72-0426,Fashion accessories,70.99,10,35.495,745.395,Cash,709.9,4.8,34.0752
828-61-5674,Sports and travel,44.02,10,22.01,462.21,Credit card,440.2,4.8,21.1296
136-08-6195,Home and lifestyle,69.96,8,27.984,587.664,Credit card,559.68,4.8,26.86464
523-38-0215,Home and lifestyle,37,1,1.85,38.85,Credit card,37,4.8,1.776
490-29-1201,Sports and travel,15.34,1,0.767,16.107,Cash,15.34,4.8,0.73632
667-92-0055,Health and beauty,99.83,6,29.949,628.929,Ewallet,598.98,4.8,28.75104
565-17-3836,Health and beauty,47.67,4,9.534,200.214,Cash,190.68,4.8,9.15264
498-41-1961,Health and beauty,66.68,5,16.67,350.07,Cash,333.4,4.8,16.0032
593-95-4461,Home and lifestyle,74.86,1,3.743,78.603,Cash,74.86,4.8,3.59328
226-71-3580,Sports and travel,23.75,9,10.6875,224.4375,Cash,213.75,4.8,10.26
283-79-9594,Food and beverages,48.51,7,16.9785,356.5485,Credit card,339.57,4.8,16.29936
430-60-3493,Home and lifestyle,94.88,7,33.208,697.368,Cash,664.16,4.8,31.87968
139-20-0155,Electronic accessories,40.3,10,20.15,423.15,Credit card,403,4.8,19.344
558-80-4082,Electronic accessories,27.85,7,9.7475,204.6975,Ewallet,194.95,4.8,9.3576
278-97-7759,Electronic accessories,62.48,1,3.124,65.604,Cash,62.48,4.8,2.99904
316-68-6352,Food and beverages,36.36,2,3.636,76.356,Cash,72.72,4.8,3.49056
585-03-5943,Health and beauty,18.11,10,9.055,190.155,Ewallet,181.1,4.8,8.6928
211-05-0490,Electronic accessories,51.92,5,12.98,272.58,Cash,259.6,4.8,12.4608
727-75-6477,Electronic accessories,28.84,4,5.768,121.128,Cash,115.36,4.8,5.53728
744-02-5987,Home and lifestyle,78.38,6,23.514,493.794,Ewallet,470.28,4.8,22.57344
307-83-9164,Home and lifestyle,60.01,4,12.002,252.042,Cash,240.04,4.8,11.52192
779-06-0012,Home and lifestyle,88.61,1,4.4305,93.0405,Cash,88.61,4.8,4.25328
446-47-6729,Fashion accessories,99.82,2,9.982,209.622,Credit card,199.64,4.8,9.58272
573-10-3877,Health and beauty,39.01,1,1.9505,40.9605,Credit card,39.01,4.8,1.87248
735-06-4124,Food and beverages,48.61,1,2.4305,51.0405,Cash,48.61,4.8,2.33328
439-54-7422,Electronic accessories,51.19,4,10.238,214.998,Credit card,204.76,4.8,9.82848
396-90-2219,Electronic accessories,14.96,8,5.984,125.664,Cash,119.68,4.8,5.74464
411-77-0180,Electronic accessories,72.2,7,25.27,530.67,Ewallet,505.4,4.8,24.2592
286-01-5402,Sports and travel,40.23,7,14.0805,295.6905,Cash,281.61,4.8,13.51728
803-17-8013,Home and lifestyle,88.79,8,35.516,745.836,Cash,710.32,4.8,34.09536
512-98-1403,Electronic accessories,26.48,3,3.972,83.412,Ewallet,79.44,4.8,3.81312
848-42-2560,Fashion accessories,81.91,2,8.191,172.011,Cash,163.82,4.8,7.86336
532-59-7201,Sports and travel,79.93,6,23.979,503.559,Cash,479.58,4.8,23.01984
181-94-6432,Fashion accessories,69.33,2,6.933,145.593,Ewallet,138.66,4.8,6.65568
870-76-1733,Food and beverages,14.23,5,3.5575,74.7075,Credit card,71.15,4.8,3.4152
423-64-4619,Health and beauty,15.55,9,6.9975,146.9475,Cash,139.95,4.8,6.7176
227-07-4446,Electronic accessories,78.13,10,39.065,820.365,Cash,781.3,4.8,37.5024
174-36-3675,Food and beverages,99.37,2,9.937,208.677,Cash,198.74,4.8,9.53952
428-83-5800,Food and beverages,21.08,3,3.162,66.402,Cash,63.24,4.8,3.03552
603-07-0961,Electronic accessories,74.79,5,18.6975,392.6475,Cash,373.95,4.8,17.9496
704-20-4138,Health and beauty,29.67,7,10.3845,218.0745,Credit card,207.69,4.8,9.96912
787-15-1757,Health and beauty,44.07,4,8.814,185.094,Ewallet,176.28,4.8,8.46144
649-11-3678,Food and beverages,22.93,9,10.3185,216.6885,Cash,206.37,4.8,9.90576
622-20-1945,Health and beauty,39.42,1,1.971,41.391,Cash,39.42,4.8,1.89216
372-94-8041,Health and beauty,15.26,6,4.578,96.138,Ewallet,91.56,4.8,4.39488
563-91-7120,Fashion accessories,61.77,5,15.4425,324.2925,Cash,308.85,4.8,14.8248
746-54-5508,Home and lifestyle,21.52,6,6.456,135.576,Credit card,129.12,4.8,6.19776
276-54-0879,Sports and travel,97.74,4,19.548,410.508,Ewallet,390.96,4.8,18.76608
815-11-1168,Food and beverages,99.78,5,24.945,523.845,Cash,498.9,4.8,23.9472
719-76-3868,Food and beverages,94.26,4,18.852,395.892,Cash,377.04,4.8,18.09792
730-61-8757,Health and beauty,51.13,4,10.226,214.746,Credit card,204.52,4.8,9.81696
340-66-0321,Electronic accessories,36.36,4,7.272,152.712,Cash,145.44,4.8,6.98112
868-81-1752,Home and lifestyle,22.02,9,9.909,208.089,Cash,198.18,4.8,9.51264
634-97-8956,Food and beverages,32.9,3,4.935,103.635,Credit card,98.7,4.8,4.7376
566-71-1091,Fashion accessories,77.02,5,19.255,404.355,Cash,385.1,4.8,18.4848
442-48-3607,Food and beverages,23.48,2,2.348,49.308,Credit card,46.96,4.8,2.25408
835-16-0096,Sports and travel,14.7,5,3.675,77.175,Ewallet,73.5,4.8,3.528
527-09-6272,Electronic accessories,28.45,5,7.1125,149.3625,Credit card,142.25,4.8,6.828
898-04-2717,Fashion accessories,76.4,9,34.38,721.98,Ewallet,687.6,4.8,33.0048
692-27-8933,Sports and travel,57.95,6,17.385,365.085,Cash,347.7,4.8,16.6896
633-09-3463,Electronic accessories,47.65,3,7.1475,150.0975,Credit card,142.95,4.8,6.8616
374-17-3652,Food and beverages,42.82,9,19.269,404.649,Credit card,385.38,4.8,18.49824
378-07-7001,Electronic accessories,48.09,3,7.2135,151.4835,Credit card,144.27,4.8,6.92496
433-75-6987,Health and beauty,55.97,7,19.5895,411.3795,Ewallet,391.79,4.8,18.80592
873-95-4984,Health and beauty,76.9,7,26.915,565.215,Cash,538.3,4.8,25.8384
416-13-5917,Food and beverages,97.03,5,24.2575,509.4075,Ewallet,485.15,4.8,23.2872
150-89-8043,Sports and travel,44.65,3,6.6975,140.6475,Cash,133.95,4.8,6.4296
135-84-8019,Fashion accessories,77.93,9,35.0685,736.4385,Ewallet,701.37,4.8,33.66576
441-94-7118,Electronic accessories,71.95,1,3.5975,75.5475,Cash,71.95,4.8,3.4536
725-96-3778,Home and lifestyle,89.25,8,35.7,749.7,Cash,714,4.8,34.272
531-80-1784,Electronic accessories,26.02,7,9.107,191.247,Cash,182.14,4.8,8.74272
400-45-1220,Health and beauty,13.5,10,6.75,141.75,Credit card,135,4.8,6.48
860-79-0874,Fashion accessories,99.3,10,49.65,1042.65,Credit card,993,4.8,47.664
834-61-8124,Electronic accessories,51.69,7,18.0915,379.9215,Cash,361.83,4.8,17.36784
115-99-4379,Fashion accessories,54.73,7,19.1555,402.2655,Credit card,383.11,4.8,18.38928
565-67-6697,Home and lifestyle,27,9,12.15,255.15,Cash,243,4.8,11.664
320-49-6392,Electronic accessories,30.24,1,1.512,31.752,Cash,30.24,4.8,1.45152
889-04-9723,Food and beverages,89.14,4,17.828,374.388,Credit card,356.56,4.8,17.11488
632-90-0281,Fashion accessories,37.55,10,18.775,394.275,Credit card,375.5,4.8,18.024
554-42-2417,Sports and travel,95.44,10,47.72,1002.12,Cash,954.4,4.8,45.8112
453-63-6187,Electronic accessories,27.5,3,4.125,86.625,Ewallet,82.5,4.8,3.96
578-80-7669,Sports and travel,74.97,1,3.7485,78.7185,Cash,74.97,4.8,3.59856
612-36-5536,Food and beverages,80.96,8,32.384,680.064,Credit card,647.68,4.8,31.08864
605-72-4132,Food and beverages,94.47,8,37.788,793.548,Cash,755.76,4.8,36.27648
471-41-2823,Food and beverages,99.79,2,9.979,209.559,Ewallet,199.58,4.8,9.57984
462-67-9126,Home and lifestyle,73.22,6,21.966,461.286,Cash,439.32,4.8,21.08736
272-27-9238,Food and beverages,41.24,4,8.248,173.208,Cash,164.96,4.8,7.91808
834-25-9262,Fashion accessories,81.68,4,16.336,343.056,Cash,326.72,4.8,15.68256
122-61-9553,Electronic accessories,51.32,9,23.094,484.974,Cash,461.88,4.8,22.17024
468-88-0009,Home and lifestyle,65.94,4,13.188,276.948,Cash,263.76,4.8,12.66048
613-59-9758,Sports and travel,14.36,10,7.18,150.78,Cash,143.6,4.8,6.8928
254-31-0042,Electronic accessories,21.5,9,9.675,203.175,Credit card,193.5,4.8,9.288
201-86-2184,Electronic accessories,26.26,7,9.191,193.011,Cash,183.82,4.8,8.82336
261-12-8671,Fashion accessories,60.96,2,6.096,128.016,Credit card,121.92,4.8,5.85216
730-70-9830,Home and lifestyle,70.11,6,21.033,441.693,Ewallet,420.66,4.8,20.19168
382-25-8917,Fashion accessories,42.08,6,12.624,265.104,Cash,252.48,4.8,12.11904
422-29-8786,Home and lifestyle,67.09,5,16.7725,352.2225,Credit card,335.45,4.8,16.1016
667-23-5919,Fashion accessories,96.7,5,24.175,507.675,Ewallet,483.5,4.8,23.208
843-01-4703,Home and lifestyle,35.38,9,15.921,334.341,Credit card,318.42,4.8,15.28416
743-88-1662,Sports and travel,95.49,7,33.4215,701.8515,Ewallet,668.43,4.8,32.08464
595-86-2894,Fashion accessories,96.98,4,19.396,407.316,Ewallet,387.92,4.8,18.62016
182-69-8360,Electronic accessories,23.65,4,4.73,99.33,Credit card,94.6,4.8,4.5408
289-15-7034,Sports and travel,82.33,4,16.466,345.786,Credit card,329.32,4.8,15.80736
462-78-5240,Electronic accessories,26.61,2,2.661,55.881,Cash,53.22,4.8,2.55456
868-52-7573,Food and beverages,99.69,5,24.9225,523.3725,Cash,498.45,4.8,23.9256
153-58-4872,Food and beverages,74.89,4,14.978,314.538,Ewallet,299.56,4.8,14.37888
662-72-2873,Food and beverages,40.94,5,10.235,214.935,Ewallet,204.7,4.8,9.8256
525-88-7307,Sports and travel,75.82,1,3.791,79.611,Cash,75.82,4.8,3.63936
689-16-9784,Food and beverages,46.77,6,14.031,294.651,Cash,280.62,4.8,13.46976
725-56-0833,Health and beauty,32.32,10,16.16,339.36,Credit card,323.2,4.8,15.5136
394-41-0748,Fashion accessories,54.07,9,24.3315,510.9615,Ewallet,486.63,4.8,23.35824
596-42-3999,Food and beverages,18.22,7,6.377,133.917,Credit card,127.54,4.8,6.12192
541-89-9860,Fashion accessories,80.48,3,12.072,253.512,Cash,241.44,4.8,11.58912
173-82-9529,Fashion accessories,37.95,10,18.975,398.475,Cash,379.5,4.8,18.216
563-36-9814,Electronic accessories,76.82,1,3.841,80.661,Ewallet,76.82,4.8,3.68736
308-47-4913,Sports and travel,52.26,10,26.13,548.73,Credit card,522.6,4.8,25.0848
885-17-6250,Health and beauty,79.74,1,3.987,83.727,Ewallet,79.74,4.8,3.82752
726-27-2396,Health and beauty,77.5,5,19.375,406.875,Ewallet,387.5,4.8,18.6
316-01-3952,Food and beverages,54.27,5,13.5675,284.9175,Ewallet,271.35,4.8,13.0248
760-54-1821,Home and lifestyle,13.59,9,6.1155,128.4255,Cash,122.31,4.8,5.87088
793-10-3222,Health and beauty,41.06,6,12.318,258.678,Credit card,246.36,4.8,11.82528
346-12-3257,Electronic accessories,19.24,9,8.658,181.818,Cash,173.16,4.8,8.31168
110-05-6330,Food and beverages,39.43,6,11.829,248.409,Credit card,236.58,4.8,11.35584
651-61-0874,Home and lifestyle,46.22,4,9.244,194.124,Credit card,184.88,4.8,8.87424
236-86-3015,Home and lifestyle,13.98,1,0.699,14.679,Ewallet,13.98,4.8,0.67104
831-64-0259,Fashion accessories,39.75,5,9.9375,208.6875,Ewallet,198.75,4.8,9.54
587-03-7455,Fashion accessories,97.79,7,34.2265,718.7565,Ewallet,684.53,4.8,32.85744
882-40-4577,Sports and travel,67.26,4,13.452,282.492,Credit card,269.04,4.8,12.91392
732-67-5346,Food and beverages,13.79,5,3.4475,72.3975,Credit card,68.95,4.8,3.3096
725-32-9708,Fashion accessories,68.71,4,13.742,288.582,Cash,274.84,4.8,13.19232
256-08-8343,Home and lifestyle,56.53,4,11.306,237.426,Ewallet,226.12,4.8,10.85376
372-26-1506,Fashion accessories,23.82,5,5.955,125.055,Ewallet,119.1,4.8,5.7168
244-08-0162,Health and beauty,34.21,10,17.105,359.205,Cash,342.1,4.8,16.4208
569-71-4390,Sports and travel,21.87,2,2.187,45.927,Ewallet,43.74,4.8,2.09952
132-23-6451,Health and beauty,20.97,5,5.2425,110.0925,Cash,104.85,4.8,5.0328
696-90-2548,Sports and travel,25.84,3,3.876,81.396,Ewallet,77.52,4.8,3.72096
472-15-9636,Home and lifestyle,50.93,8,20.372,427.812,Ewallet,407.44,4.8,19.55712
268-03-6164,Health and beauty,96.11,1,4.8055,100.9155,Ewallet,96.11,4.8,4.61328
750-57-9686,Home and lifestyle,45.38,4,9.076,190.596,Credit card,181.52,4.8,8.71296
186-09-3669,Health and beauty,81.51,1,4.0755,85.5855,Ewallet,81.51,4.8,3.91248
848-07-1692,Health and beauty,57.22,2,5.722,120.162,Ewallet,114.44,4.8,5.49312
745-71-3520,Electronic accessories,25.22,7,8.827,185.367,Cash,176.54,4.8,8.47392
266-76-6436,Food and beverages,38.6,3,5.79,121.59,Ewallet,115.8,4.8,5.5584
740-22-2500,Electronic accessories,84.05,3,12.6075,264.7575,Cash,252.15,4.8,12.1032
271-88-8734,Fashion accessories,97.21,10,48.605,1020.705,Credit card,972.1,4.8,46.6608
301-81-8610,Fashion accessories,25.42,8,10.168,213.528,Credit card,203.36,4.8,9.76128
489-64-4354,Fashion accessories,16.28,1,0.814,17.094,Cash,16.28,4.8,0.78144
198-84-7132,Fashion accessories,40.61,9,18.2745,383.7645,Cash,365.49,4.8,17.54352
269-10-8440,Health and beauty,53.17,7,18.6095,390.7995,Cash,372.19,4.8,17.86512
650-98-6268,Food and beverages,20.87,3,3.1305,65.7405,Credit card,62.61,4.8,3.00528
741-73-3559,Sports and travel,67.27,5,16.8175,353.1675,Cash,336.35,4.8,16.1448
325-77-6186,Home and lifestyle,90.65,10,45.325,951.825,Ewallet,906.5,4.8,43.512
286-75-7818,Fashion accessories,69.08,2,6.908,145.068,Credit card,138.16,4.8,6.63168
574-57-9721,Food and beverages,43.27,2,4.327,90.867,Ewallet,86.54,4.8,4.15392
459-50-7686,Electronic accessories,23.46,6,7.038,147.798,Ewallet,140.76,4.8,6.75648
616-87-0016,Fashion accessories,95.54,7,33.439,702.219,Credit card,668.78,4.8,32.10144
837-55-7229,Fashion accessories,47.44,1,2.372,49.812,Credit card,47.44,4.8,2.27712
751-69-0068,Sports and travel,99.24,9,44.658,937.818,Ewallet,893.16,4.8,42.87168
257-73-1380,Sports and travel,82.93,4,16.586,348.306,Ewallet,331.72,4.8,15.92256
345-08-4992,Home and lifestyle,33.99,6,10.197,214.137,Credit card,203.94,4.8,9.78912
549-96-4200,Food and beverages,17.04,4,3.408,71.568,Ewallet,68.16,4.8,3.27168
810-60-6344,Electronic accessories,40.86,8,16.344,343.224,Credit card,326.88,4.8,15.69024
450-28-2866,Food and beverages,17.44,5,4.36,91.56,Cash,87.2,4.8,4.1856
394-30-3170,Sports and travel,88.43,8,35.372,742.812,Credit card,707.44,4.8,33.95712
138-17-5109,Home and lifestyle,89.21,9,40.1445,843.0345,Credit card,802.89,4.8,38.53872
192-98-7397,Fashion accessories,12.78,1,0.639,13.419,Ewallet,12.78,4.8,0.61344
301-11-9629,Sports and travel,19.1,7,6.685,140.385,Cash,133.7,4.8,6.4176
390-80-5128,Health and beauty,19.15,1,0.9575,20.1075,Credit card,19.15,4.8,0.9192
235-46-8343,Food and beverages,27.66,10,13.83,290.43,Credit card,276.6,4.8,13.2768
453-12-7053,Fashion accessories,45.74,3,6.861,144.081,Credit card,137.22,4.8,6.58656
296-11-7041,Health and beauty,27.07,1,1.3535,28.4235,Credit card,27.07,4.8,1.29936
449-27-2918,Sports and travel,39.12,1,1.956,41.076,Credit card,39.12,4.8,1.87776
891-01-7034,Electronic accessories,74.71,6,22.413,470.673,Cash,448.26,4.8,21.51648
744-09-5786,Electronic accessories,22.01,6,6.603,138.663,Cash,132.06,4.8,6.33888
727-17-0390,Food and beverages,63.61,5,15.9025,333.9525,Ewallet,318.05,4.8,15.2664
568-88-3448,Health and beauty,25,1,1.25,26.25,Ewallet,25,4.8,1.2
187-83-5490,Electronic accessories,20.77,4,4.154,87.234,Cash,83.08,4.8,3.98784
767-54-1907,Fashion accessories,29.56,5,7.39,155.19,Cash,147.8,4.8,7.0944
710-46-4433,Food and beverages,77.4,9,34.83,731.43,Credit card,696.6,4.8,33.4368
533-33-5337,Electronic accessories,79.39,10,39.695,833.595,Cash,793.9,4.8,38.1072
325-90-8763,Electronic accessories,46.57,10,23.285,488.985,Cash,465.7,4.8,22.3536
729-46-7422,Food and beverages,35.89,1,1.7945,37.6845,Credit card,35.89,4.8,1.72272
639-76-1242,Food and beverages,40.52,5,10.13,212.73,Cash,202.6,4.8,9.7248
234-03-4040,Food and beverages,73.05,10,36.525,767.025,Credit card,730.5,4.8,35.064
326-71-2155,Sports and travel,73.95,4,14.79,310.59,Cash,295.8,4.8,14.1984
320-32-8842,Food and beverages,22.62,1,1.131,23.751,Cash,22.62,4.8,1.08576
470-32-9057,Food and beverages,51.34,5,12.835,269.535,Credit card,256.7,4.8,12.3216
878-30-2331,Sports and travel,54.55,10,27.275,572.775,Credit card,545.5,4.8,26.184
440-59-5691,Health and beauty,37.15,7,13.0025,273.0525,Credit card,260.05,4.8,12.4824
554-53-3790,Sports and travel,37.02,6,11.106,233.226,Cash,222.12,4.8,10.66176
746-19-0921,Food and beverages,21.58,1,1.079,22.659,Ewallet,21.58,4.8,1.03584
233-34-0817,Electronic accessories,98.84,1,4.942,103.782,Cash,98.84,4.8,4.74432
767-05-1286,Home and lifestyle,83.77,6,25.131,527.751,Ewallet,502.62,4.8,24.12576
340-21-9136,Sports and travel,40.05,4,8.01,168.21,Cash,160.2,4.8,7.6896
405-31-3305,Fashion accessories,43.13,10,21.565,452.865,Credit card,431.3,4.8,20.7024
731-59-7531,Health and beauty,72.57,8,29.028,609.588,Cash,580.56,4.8,27.86688
676-39-6028,Electronic accessories,64.44,5,16.11,338.31,Cash,322.2,4.8,15.4656
502-05-1910,Health and beauty,65.18,3,9.777,205.317,Credit card,195.54,4.8,9.38592
485-30-8700,Sports and travel,33.26,5,8.315,174.615,Credit card,166.3,4.8,7.9824
598-47-9715,Electronic accessories,84.07,4,16.814,353.094,Ewallet,336.28,4.8,16.14144
701-69-8742,Sports and travel,34.37,10,17.185,360.885,Ewallet,343.7,4.8,16.4976
575-67-1508,Electronic accessories,38.6,1,1.93,40.53,Ewallet,38.6,4.8,1.8528
541-08-3113,Food and beverages,65.97,8,26.388,554.148,Cash,527.76,4.8,25.33248
246-11-3901,Electronic accessories,32.8,10,16.4,344.4,Cash,328,4.8,15.744
674-15-9296,Sports and travel,37.14,5,9.285,194.985,Ewallet,185.7,4.8,8.9136
305-18-3552,Home and lifestyle,60.38,10,30.19,633.99,Cash,603.8,4.8,28.9824
493-65-6248,Sports and travel,36.98,10,18.49,388.29,Credit card,369.8,4.8,17.7504
438-01-4015,Sports and travel,49.49,4,9.898,207.858,Ewallet,197.96,4.8,9.50208
709-58-4068,Fashion accessories,41.09,10,20.545,431.445,Cash,410.9,4.8,19.7232
795-49-7276,Fashion accessories,37.15,4,7.43,156.03,Ewallet,148.6,4.8,7.1328
556-72-8512,Home and lifestyle,22.96,1,1.148,24.108,Cash,22.96,4.8,1.10208
627-95-3243,Home and lifestyle,77.68,9,34.956,734.076,Ewallet,699.12,4.8,33.55776
686-41-0932,Fashion accessories,34.7,2,3.47,72.87,Ewallet,69.4,4.8,3.3312
510-09-5628,Fashion accessories,19.66,10,9.83,206.43,Credit card,196.6,4.8,9.4368
608-04-3797,Health and beauty,25.32,8,10.128,212.688,Ewallet,202.56,4.8,9.72288
148-82-2527,Home and lifestyle,12.12,10,6.06,127.26,Credit card,121.2,4.8,5.8176
437-53-3084,Fashion accessories,99.89,2,9.989,209.769,Ewallet,199.78,4.8,9.58944
632-32-4574,Sports and travel,75.92,8,30.368,637.728,Cash,607.36,4.8,29.15328
556-97-7101,Electronic accessories,63.22,2,6.322,132.762,Cash,126.44,4.8,6.06912
862-59-8517,Food and beverages,90.24,6,27.072,568.512,Cash,541.44,4.8,25.98912
401-18-8016,Sports and travel,98.13,1,4.9065,103.0365,Cash,98.13,4.8,4.71024
420-18-8989,Sports and travel,51.52,8,20.608,432.768,Cash,412.16,4.8,19.78368
277-63-2961,Sports and travel,73.97,1,3.6985,77.6685,Credit card,73.97,4.8,3.55056
573-98-8548,Fashion accessories,31.9,1,1.595,33.495,Ewallet,31.9,4.8,1.5312
620-02-2046,Home and lifestyle,69.4,2,6.94,145.74,Ewallet,138.8,4.8,6.6624
282-35-2475,Sports and travel,93.31,2,9.331,195.951,Cash,186.62,4.8,8.95776
511-54-3087,Sports and travel,88.45,1,4.4225,92.8725,Credit card,88.45,4.8,4.2456
726-29-6793,Electronic accessories,24.18,8,9.672,203.112,Ewallet,193.44,4.8,9.28512
387-49-4215,Sports and travel,48.5,3,7.275,152.775,Cash,145.5,4.8,6.984
862-17-9201,Food and beverages,84.05,6,25.215,529.515,Credit card,504.3,4.8,24.2064
291-21-5991,Health and beauty,61.29,5,15.3225,321.7725,Cash,306.45,4.8,14.7096
602-80-9671,Home and lifestyle,15.95,6,4.785,100.485,Credit card,95.7,4.8,4.5936
347-72-6115,Sports and travel,90.74,7,31.759,666.939,Credit card,635.18,4.8,30.48864
209-61-0206,Home and lifestyle,42.91,5,10.7275,225.2775,Ewallet,214.55,4.8,10.2984
595-27-4851,Fashion accessories,54.28,7,18.998,398.958,Ewallet,379.96,4.8,18.23808
189-52-0236,Electronic accessories,99.55,7,34.8425,731.6925,Cash,696.85,4.8,33.4488
503-07-0930,Sports and travel,58.39,7,20.4365,429.1665,Credit card,408.73,4.8,19.61904
413-20-6708,Fashion accessories,51.47,1,2.5735,54.0435,Ewallet,51.47,4.8,2.47056
425-85-2085,Health and beauty,54.86,5,13.715,288.015,Ewallet,274.3,4.8,13.1664
521-18-7827,Home and lifestyle,39.39,5,9.8475,206.7975,Credit card,196.95,4.8,9.4536
220-28-1851,Home and lifestyle,34.73,2,3.473,72.933,Ewallet,69.46,4.8,3.33408
600-38-9738,Sports and travel,71.92,5,17.98,377.58,Credit card,359.6,4.8,17.2608
734-91-1155,Electronic accessories,45.71,3,6.8565,143.9865,Credit card,137.13,4.8,6.58224
451-28-5717,Home and lifestyle,83.17,6,24.951,523.971,Cash,499.02,4.8,23.95296
609-81-8548,Home and lifestyle,37.44,6,11.232,235.872,Credit card,224.64,4.8,10.78272
133-14-7229,Health and beauty,62.87,2,6.287,132.027,Cash,125.74,4.8,6.03552
534-01-4457,Food and beverages,81.71,6,24.513,514.773,Credit card,490.26,4.8,23.53248
719-89-8991,Sports and travel,91.41,5,22.8525,479.9025,Ewallet,457.05,4.8,21.9384
286-62-6248,Fashion accessories,39.21,4,7.842,164.682,Credit card,156.84,4.8,7.52832
339-38-9982,Fashion accessories,59.86,2,5.986,125.706,Ewallet,119.72,4.8,5.74656
827-44-5872,Food and beverages,54.36,10,27.18,570.78,Credit card,543.6,4.8,26.0928
827-77-7633,Sports and travel,98.09,9,44.1405,926.9505,Cash,882.81,4.8,42.37488
287-83-1405,Health and beauty,25.43,6,7.629,160.209,Ewallet,152.58,4.8,7.32384
435-13-4908,Fashion accessories,86.68,8,34.672,728.112,Credit card,693.44,4.8,33.28512
857-67-9057,Electronic accessories,22.95,10,11.475,240.975,Ewallet,229.5,4.8,11.016
236-27-1144,Food and beverages,16.31,9,7.3395,154.1295,Ewallet,146.79,4.8,7.04592
892-05-6689,Home and lifestyle,28.32,5,7.08,148.68,Ewallet,141.6,4.8,6.7968
583-41-4548,Home and lifestyle,16.67,7,5.8345,122.5245,Ewallet,116.69,4.8,5.60112
339-12-4827,Fashion accessories,73.96,1,3.698,77.658,Credit card,73.96,4.8,3.55008
643-38-7867,Home and lifestyle,97.94,1,4.897,102.837,Ewallet,97.94,4.8,4.70112
308-81-0538,Fashion accessories,73.05,4,14.61,306.81,Credit card,292.2,4.8,14.0256
358-88-9262,Food and beverages,87.48,6,26.244,551.124,Ewallet,524.88,4.8,25.19424
460-35-4390,Home and lifestyle,30.68,3,4.602,96.642,Ewallet,92.04,4.8,4.41792
343-87-0864,Health and beauty,75.88,1,3.794,79.674,Credit card,75.88,4.8,3.64224
173-50-1108,Sports and travel,20.18,4,4.036,84.756,Credit card,80.72,4.8,3.87456
243-47-2663,Electronic accessories,18.77,6,5.631,118.251,Credit card,112.62,4.8,5.40576
841-18-8232,Food and beverages,71.2,1,3.56,74.76,Credit card,71.2,4.8,3.4176
701-23-5550,Home and lifestyle,38.81,4,7.762,163.002,Ewallet,155.24,4.8,7.45152
647-50-1224,Fashion accessories,29.42,10,14.71,308.91,Ewallet,294.2,4.8,14.1216
541-48-8554,Sports and travel,60.95,9,27.4275,575.9775,Credit card,548.55,4.8,26.3304
539-21-7227,Sports and travel,51.54,5,12.885,270.585,Cash,257.7,4.8,12.3696
213-32-1216,Electronic accessories,66.06,6,19.818,416.178,Cash,396.36,4.8,19.02528
747-58-7183,Fashion accessories,57.27,3,8.5905,180.4005,Ewallet,171.81,4.8,8.24688
582-52-8065,Fashion accessories,54.31,9,24.4395,513.2295,Cash,488.79,4.8,23.46192
210-57-1719,Health and beauty,58.24,9,26.208,550.368,Cash,524.16,4.8,25.15968
399-69-4630,Electronic accessories,22.21,6,6.663,139.923,Credit card,133.26,4.8,6.39648
134-75-2619,Electronic accessories,19.32,7,6.762,142.002,Cash,135.24,4.8,6.49152
356-44-8813,Home and lifestyle,37.48,3,5.622,118.062,Credit card,112.44,4.8,5.39712
198-66-9832,Fashion accessories,72.04,2,7.204,151.284,Cash,144.08,4.8,6.91584
283-26-5248,Food and beverages,98.52,10,49.26,1034.46,Ewallet,985.2,4.8,47.2896
712-39-0363,Food and beverages,41.66,6,12.498,262.458,Ewallet,249.96,4.8,11.99808
218-59-9410,Home and lifestyle,72.42,3,10.863,228.123,Ewallet,217.26,4.8,10.42848
174-75-0888,Electronic accessories,21.58,9,9.711,203.931,Cash,194.22,4.8,9.32256
866-99-7614,Food and beverages,89.2,10,44.6,936.6,Credit card,892,4.8,42.816
134-54-4720,Electronic accessories,42.42,8,16.968,356.328,Ewallet,339.36,4.8,16.28928
760-90-2357,Electronic accessories,74.51,6,22.353,469.413,Ewallet,447.06,4.8,21.45888
514-37-2845,Fashion accessories,99.25,2,9.925,208.425,Cash,198.5,4.8,9.528
698-98-5964,Food and beverages,81.21,10,40.605,852.705,Credit card,812.1,4.8,38.9808
718-57-9773,Sports and travel,49.33,10,24.665,517.965,Credit card,493.3,4.8,23.6784
651-88-7328,Fashion accessories,65.74,9,29.583,621.243,Cash,591.66,4.8,28.39968
241-11-2261,Fashion accessories,79.86,7,27.951,586.971,Credit card,559.02,4.8,26.83296
408-26-9866,Sports and travel,73.98,7,25.893,543.753,Ewallet,517.86,4.8,24.85728
834-83-1826,Home and lifestyle,82.04,5,20.51,430.71,Credit card,410.2,4.8,19.6896
343-61-3544,Sports and travel,26.67,10,13.335,280.035,Cash,266.7,4.8,12.8016
239-48-4278,Food and beverages,10.13,7,3.5455,74.4555,Ewallet,70.91,4.8,3.40368
355-34-6244,Food and beverages,72.39,2,7.239,152.019,Credit card,144.78,4.8,6.94944
550-84-8664,Sports and travel,85.91,5,21.4775,451.0275,Credit card,429.55,4.8,20.6184
339-96-8318,Fashion accessories,81.31,7,28.4585,597.6285,Ewallet,569.17,4.8,27.32016
458-61-0011,Food and beverages,60.3,4,12.06,253.26,Cash,241.2,4.8,11.5776
592-34-6155,Food and beverages,31.77,4,6.354,133.434,Ewallet,127.08,4.8,6.09984
797-88-0493,Health and beauty,64.27,4,12.854,269.934,Cash,257.08,4.8,12.33984
207-73-1363,Health and beauty,69.51,2,6.951,145.971,Ewallet,139.02,4.8,6.67296
390-31-6381,Food and beverages,27.22,3,4.083,85.743,Cash,81.66,4.8,3.91968
443-82-0585,Health and beauty,77.68,4,15.536,326.256,Cash,310.72,4.8,14.91456
339-18-7061,Fashion accessories,92.98,2,9.298,195.258,Credit card,185.96,4.8,8.92608
359-90-3665,Fashion accessories,18.08,4,3.616,75.936,Credit card,72.32,4.8,3.47136
375-72-3056,Sports and travel,63.06,3,9.459,198.639,Ewallet,189.18,4.8,9.08064
127-47-6963,Health and beauty,51.71,4,10.342,217.182,Credit card,206.84,4.8,9.92832
278-86-2735,Food and beverages,52.34,3,7.851,164.871,Cash,157.02,4.8,7.53696
695-28-6250,Sports and travel,43.06,5,10.765,226.065,Ewallet,215.3,4.8,10.3344
379-17-6588,Fashion accessories,59.61,10,29.805,625.905,Cash,596.1,4.8,28.6128
227-50-3718,Health and beauty,14.62,5,3.655,76.755,Cash,73.1,4.8,3.5088
302-15-2162,Health and beauty,46.53,6,13.959,293.139,Credit card,279.18,4.8,13.40064
788-07-8452,Home and lifestyle,24.24,7,8.484,178.164,Ewallet,169.68,4.8,8.14464
560-49-6611,Sports and travel,45.58,1,2.279,47.859,Cash,45.58,4.8,2.18784
880-35-0356,Sports and travel,75.2,3,11.28,236.88,Ewallet,225.6,4.8,10.8288
585-11-6748,Sports and travel,96.8,3,14.52,304.92,Cash,290.4,4.8,13.9392
470-31-3286,Health and beauty,14.82,3,2.223,46.683,Credit card,44.46,4.8,2.13408
152-68-2907,Food and beverages,52.2,3,7.83,164.43,Credit card,156.6,4.8,7.5168
123-35-4896,Sports and travel,46.66,9,20.997,440.937,Ewallet,419.94,4.8,20.15712
258-69-7810,Fashion accessories,36.85,5,9.2125,193.4625,Cash,184.25,4.8,8.844
334-64-2006,Home and lifestyle,70.32,2,7.032,147.672,Ewallet,140.64,4.8,6.75072
219-61-4139,Electronic accessories,83.08,1,4.154,87.234,Ewallet,83.08,4.8,3.98784
881-41-7302,Fashion accessories,64.99,1,3.2495,68.2395,Credit card,64.99,4.8,3.11952
373-09-4567,Food and beverages,77.56,10,38.78,814.38,Ewallet,775.6,4.8,37.2288
642-30-6693,Sports and travel,54.51,6,16.353,343.413,Ewallet,327.06,4.8,15.69888
484-22-8230,Fashion accessories,51.89,7,18.1615,381.3915,Cash,363.23,4.8,17.43504
830-58-2383,Home and lifestyle,31.75,4,6.35,133.35,Cash,127,4.8,6.096
559-98-9873,Fashion accessories,53.65,7,18.7775,394.3275,Ewallet,375.55,4.8,18.0264
544-32-5024,Food and beverages,49.79,4,9.958,209.118,Credit card,199.16,4.8,9.55968
318-12-0304,Fashion accessories,30.61,1,1.5305,32.1405,Ewallet,30.61,4.8,1.46928
349-97-8902,Food and beverages,57.89,2,5.789,121.569,Ewallet,115.78,4.8,5.55744
421-95-9805,Electronic accessories,28.96,1,1.448,30.408,Credit card,28.96,4.8,1.39008
277-35-5865,Food and beverages,98.97,9,44.5365,935.2665,Cash,890.73,4.8,42.75504
789-23-8625,Fashion accessories,93.22,3,13.983,293.643,Cash,279.66,4.8,13.42368
284-54-4231,Sports and travel,80.93,1,4.0465,84.9765,Credit card,80.93,4.8,3.88464
443-59-0061,Food and beverages,67.45,10,33.725,708.225,Ewallet,674.5,4.8,32.376
509-29-3912,Sports and travel,38.72,9,17.424,365.904,Ewallet,348.48,4.8,16.72704
327-40-9673,Sports and travel,72.6,6,21.78,457.38,Cash,435.6,4.8,20.9088
840-19-2096,Electronic accessories,87.91,5,21.9775,461.5275,Ewallet,439.55,4.8,21.0984
828-46-6863,Food and beverages,98.53,6,29.559,620.739,Credit card,591.18,4.8,28.37664
641-96-3695,Fashion accessories,43.46,6,13.038,273.798,Ewallet,260.76,4.8,12.51648
420-97-3340,Food and beverages,71.68,3,10.752,225.792,Credit card,215.04,4.8,10.32192
436-54-4512,Food and beverages,91.61,1,4.5805,96.1905,Cash,91.61,4.8,4.39728
670-79-6321,Home and lifestyle,94.59,7,33.1065,695.2365,Credit card,662.13,4.8,31.78224
852-62-7105,Fashion accessories,83.25,10,41.625,874.125,Credit card,832.5,4.8,39.96
598-06-7312,Fashion accessories,91.35,1,4.5675,95.9175,Cash,91.35,4.8,4.3848
135-13-8269,Food and beverages,78.88,2,7.888,165.648,Cash,157.76,4.8,7.57248
816-57-2053,Sports and travel,60.87,2,6.087,127.827,Ewallet,121.74,4.8,5.84352
628-90-8624,Health and beauty,82.58,10,41.29,867.09,Cash,825.8,4.8,39.6384
856-66-2701,Home and lifestyle,53.3,3,7.995,167.895,Ewallet,159.9,4.8,7.6752
308-39-1707,Fashion accessories,12.09,1,0.6045,12.6945,Credit card,12.09,4.8,0.58032
149-61-1929,Sports and travel,64.19,10,32.095,673.995,Credit card,641.9,4.8,30.8112
655-07-2265,Electronic accessories,78.31,3,11.7465,246.6765,Ewallet,234.93,4.8,11.27664
589-02-8023,Food and beverages,83.77,2,8.377,175.917,Credit card,167.54,4.8,8.04192
420-04-7590,Home and lifestyle,99.7,3,14.955,314.055,Ewallet,299.1,4.8,14.3568
182-88-2763,Food and beverages,79.91,3,11.9865,251.7165,Credit card,239.73,4.8,11.50704
188-55-0967,Health and beauty,66.47,10,33.235,697.935,Credit card,664.7,4.8,31.9056
610-46-4100,Health and beauty,28.95,7,10.1325,212.7825,Credit card,202.65,4.8,9.7272
318-81-2368,Electronic accessories,46.2,1,2.31,48.51,Cash,46.2,4.8,2.2176
364-33-8584,Food and beverages,17.63,5,4.4075,92.5575,Cash,88.15,4.8,4.2312
665-63-9737,Fashion accessories,52.42,3,7.863,165.123,Ewallet,157.26,4.8,7.54848
695-09-5146,Food and beverages,98.79,3,14.8185,311.1885,Ewallet,296.37,4.8,14.22576
155-45-3814,Electronic accessories,88.55,8,35.42,743.82,Ewallet,708.4,4.8,34.0032
794-32-2436,Electronic accessories,55.67,2,5.567,116.907,Ewallet,111.34,4.8,5.34432
131-15-8856,Food and beverages,72.52,8,29.008,609.168,Credit card,580.16,4.8,27.84768
273-84-2164,Electronic accessories,12.05,5,3.0125,63.2625,Ewallet,60.25,4.8,2.892
706-36-6154,Home and lifestyle,19.36,9,8.712,182.952,Ewallet,174.24,4.8,8.36352
778-89-7974,Health and beauty,70.21,6,21.063,442.323,Cash,421.26,4.8,20.22048
574-31-8277,Fashion accessories,33.63,1,1.6815,35.3115,Cash,33.63,4.8,1.61424
859-71-0933,Sports and travel,15.49,2,1.549,32.529,Cash,30.98,4.8,1.48704
740-11-5257,Electronic accessories,24.74,10,12.37,259.77,Cash,247.4,4.8,11.8752
369-82-2676,Electronic accessories,75.66,5,18.915,397.215,Ewallet,378.3,4.8,18.1584
563-47-4072,Health and beauty,55.81,6,16.743,351.603,Cash,334.86,4.8,16.07328
742-04-5161,Home and lifestyle,72.78,10,36.39,764.19,Cash,727.8,4.8,34.9344
149-15-7606,Sports and travel,37.32,9,16.794,352.674,Ewallet,335.88,4.8,16.12224
133-77-3154,Fashion accessories,60.18,4,12.036,252.756,Credit card,240.72,4.8,11.55456
169-52-4504,Electronic accessories,15.69,3,2.3535,49.4235,Credit card,47.07,4.8,2.25936
250-81-7186,Electronic accessories,99.69,1,4.9845,104.6745,Credit card,99.69,4.8,4.78512
562-12-5430,Fashion accessories,88.15,3,13.2225,277.6725,Ewallet,264.45,4.8,12.6936
816-72-8853,Sports and travel,27.93,5,6.9825,146.6325,Cash,139.65,4.8,6.7032
491-38-3499,Fashion accessories,55.45,1,2.7725,58.2225,Credit card,55.45,4.8,2.6616
322-02-2271,Sports and travel,42.97,3,6.4455,135.3555,Cash,128.91,4.8,6.18768
842-29-4695,Sports and travel,17.14,7,5.999,125.979,Credit card,119.98,4.8,5.75904
725-67-2480,Fashion accessories,58.75,6,17.625,370.125,Credit card,352.5,4.8,16.92
641-51-2661,Food and beverages,87.1,10,43.55,914.55,Credit card,871,4.8,41.808
714-02-3114,Sports and travel,98.8,2,9.88,207.48,Cash,197.6,4.8,9.4848
518-17-2983,Fashion accessories,48.63,4,9.726,204.246,Ewallet,194.52,4.8,9.33696
779-42-2410,Food and beverages,57.74,3,8.661,181.881,Ewallet,173.22,4.8,8.31456
190-14-3147,Health and beauty,17.97,4,3.594,75.474,Ewallet,71.88,4.8,3.45024
408-66-6712,Health and beauty,47.71,6,14.313,300.573,Ewallet,286.26,4.8,13.74048
679-22-6530,Sports and travel,40.62,2,4.062,85.302,Credit card,81.24,4.8,3.89952
588-47-8641,Fashion accessories,56.04,10,28.02,588.42,Ewallet,560.4,4.8,26.8992
642-61-4706,Food and beverages,93.4,2,9.34,196.14,Cash,186.8,4.8,8.9664
576-31-4774,Health and beauty,73.41,3,11.0115,231.2415,Ewallet,220.23,4.8,10.57104
556-41-6224,Health and beauty,33.64,8,13.456,282.576,Credit card,269.12,4.8,12.91776
811-03-8790,Electronic accessories,45.48,10,22.74,477.54,Credit card,454.8,4.8,21.8304
242-11-3142,Fashion accessories,83.77,2,8.377,175.917,Cash,167.54,4.8,8.04192
752-23-3760,Sports and travel,64.08,7,22.428,470.988,Credit card,448.56,4.8,21.53088
274-05-5470,Food and beverages,73.47,4,14.694,308.574,Cash,293.88,4.8,14.10624
648-94-3045,Health and beauty,58.95,10,29.475,618.975,Ewallet,589.5,4.8,28.296
130-67-4723,Food and beverages,48.5,6,14.55,305.55,Ewallet,291,4.8,13.968
528-87-5606,Electronic accessories,39.48,1,1.974,41.454,Cash,39.48,4.8,1.89504
320-85-2052,Sports and travel,34.81,1,1.7405,36.5505,Credit card,34.81,4.8,1.67088
370-96-0655,Fashion accessories,49.32,6,14.796,310.716,Ewallet,295.92,4.8,14.20416
105-10-6182,Fashion accessories,21.48,2,2.148,45.108,Ewallet,42.96,4.8,2.06208
510-79-0415,Sports and travel,23.08,6,6.924,145.404,Ewallet,138.48,4.8,6.64704
241-96-5076,Home and lifestyle,49.1,2,4.91,103.11,Credit card,98.2,4.8,4.7136
767-97-4650,Sports and travel,64.83,2,6.483,136.143,Credit card,129.66,4.8,6.22368
648-83-1321,Home and lifestyle,63.56,10,31.78,667.38,Cash,635.6,4.8,30.5088
173-57-2300,Sports and travel,72.88,2,7.288,153.048,Cash,145.76,4.8,6.99648
305-03-2383,Food and beverages,67.1,3,10.065,211.365,Cash,201.3,4.8,9.6624
394-55-6384,Sports and travel,70.19,9,31.5855,663.2955,Cash,631.71,4.8,30.32208
266-20-6657,Food and beverages,55.04,7,19.264,404.544,Ewallet,385.28,4.8,18.49344
689-05-1884,Health and beauty,48.63,10,24.315,510.615,Cash,486.3,4.8,23.3424
196-01-2849,Fashion accessories,73.38,7,25.683,539.343,Cash,513.66,4.8,24.65568
372-62-5264,Food and beverages,52.6,9,23.67,497.07,Cash,473.4,4.8,22.7232
800-09-8606,Home and lifestyle,87.37,5,21.8425,458.6925,Cash,436.85,4.8,20.9688
182-52-7000,Sports and travel,27.04,4,5.408,113.568,Ewallet,108.16,4.8,5.19168
826-58-8051,Home and lifestyle,62.19,4,12.438,261.198,Ewallet,248.76,4.8,11.94048
868-06-0466,Electronic accessories,69.58,9,31.311,657.531,Credit card,626.22,4.8,30.05856
751-41-9720,Home and lifestyle,97.5,10,48.75,1023.75,Ewallet,975,4.8,46.8
626-43-7888,Fashion accessories,60.41,8,24.164,507.444,Ewallet,483.28,4.8,23.19744
176-64-7711,Food and beverages,32.32,3,4.848,101.808,Credit card,96.96,4.8,4.65408
191-29-0321,Fashion accessories,19.77,10,9.885,207.585,Credit card,197.7,4.8,9.4896
729-06-2010,Health and beauty,80.47,9,36.2115,760.4415,Cash,724.23,4.8,34.76304
640-48-5028,Home and lifestyle,88.39,9,39.7755,835.2855,Cash,795.51,4.8,38.18448
186-79-9562,Health and beauty,71.77,7,25.1195,527.5095,Cash,502.39,4.8,24.11472
834-45-5519,Electronic accessories,43,4,8.6,180.6,Ewallet,172,4.8,8.256
162-65-8559,Food and beverages,68.98,1,3.449,72.429,Cash,68.98,4.8,3.31104
760-27-5490,Fashion accessories,15.62,8,6.248,131.208,Ewallet,124.96,4.8,5.99808
445-30-9252,Sports and travel,25.7,3,3.855,80.955,Ewallet,77.1,4.8,3.7008
786-94-2700,Food and beverages,80.62,6,24.186,507.906,Cash,483.72,4.8,23.21856
728-88-7867,Home and lifestyle,75.53,4,15.106,317.226,Ewallet,302.12,4.8,14.50176
183-21-3799,Electronic accessories,77.63,9,34.9335,733.6035,Ewallet,698.67,4.8,33.53616
268-20-3585,Health and beauty,13.85,9,6.2325,130.8825,Ewallet,124.65,4.8,5.9832
735-32-9839,Fashion accessories,98.7,8,39.48,829.08,Ewallet,789.6,4.8,37.9008
258-92-7466,Health and beauty,35.68,5,8.92,187.32,Credit card,178.4,4.8,8.5632
857-16-3520,Fashion accessories,71.46,7,25.011,525.231,Ewallet,500.22,4.8,24.01056
482-17-1179,Electronic accessories,11.94,3,1.791,37.611,Credit card,35.82,4.8,1.71936
788-21-5741,Fashion accessories,45.38,3,6.807,142.947,Credit card,136.14,4.8,6.53472
821-14-9046,Fashion accessories,17.48,6,5.244,110.124,Credit card,104.88,4.8,5.03424
418-05-0656,Fashion accessories,25.56,7,8.946,187.866,Cash,178.92,4.8,8.58816
678-79-0726,Sports and travel,90.63,9,40.7835,856.4535,Cash,815.67,4.8,39.15216
776-68-1096,Home and lifestyle,44.12,3,6.618,138.978,Credit card,132.36,4.8,6.35328
592-46-1692,Food and beverages,36.77,7,12.8695,270.2595,Cash,257.39,4.8,12.35472
434-35-9162,Food and beverages,23.34,4,4.668,98.028,Ewallet,93.36,4.8,4.48128
149-14-0304,Health and beauty,28.5,8,11.4,239.4,Cash,228,4.8,10.944
442-44-6497,Home and lifestyle,55.57,3,8.3355,175.0455,Credit card,166.71,4.8,8.00208
174-64-0215,Sports and travel,69.74,10,34.87,732.27,Credit card,697.4,4.8,33.4752
210-74-9613,Fashion accessories,97.26,4,19.452,408.492,Ewallet,389.04,4.8,18.67392
299-29-0180,Home and lifestyle,52.18,7,18.263,383.523,Cash,365.26,4.8,17.53248
247-11-2470,Fashion accessories,22.32,4,4.464,93.744,Credit card,89.28,4.8,4.28544
635-28-5728,Health and beauty,56,3,8.4,176.4,Ewallet,168,4.8,8.064
756-49-0168,Fashion accessories,19.7,1,0.985,20.685,Ewallet,19.7,4.8,0.9456
438-23-1242,Electronic accessories,75.88,7,26.558,557.718,Ewallet,531.16,4.8,25.49568
238-45-6950,Food and beverages,53.72,1,2.686,56.406,Ewallet,53.72,4.8,2.57856
607-65-2441,Health and beauty,81.95,10,40.975,860.475,Credit card,819.5,4.8,39.336
386-27-7606,Home and lifestyle,81.2,7,28.42,596.82,Credit card,568.4,4.8,27.2832
137-63-5492,Electronic accessories,58.76,10,29.38,616.98,Ewallet,587.6,4.8,28.2048
197-77-7132,Electronic accessories,91.56,8,36.624,769.104,Ewallet,732.48,4.8,35.15904
805-86-0265,Home and lifestyle,93.96,9,42.282,887.922,Cash,845.64,4.8,40.59072
733-29-1227,Home and lifestyle,55.61,7,19.4635,408.7335,Cash,389.27,4.8,18.68496
451-73-2711,Food and beverages,84.83,1,4.2415,89.0715,Ewallet,84.83,4.8,4.07184
373-14-0504,Sports and travel,71.63,2,7.163,150.423,Ewallet,143.26,4.8,6.87648
546-80-2899,Home and lifestyle,37.69,2,3.769,79.149,Ewallet,75.38,4.8,3.61824
345-68-9016,Sports and travel,31.67,8,12.668,266.028,Credit card,253.36,4.8,12.16128
390-17-5806,Food and beverages,38.42,1,1.921,40.341,Cash,38.42,4.8,1.84416
457-13-1708,Fashion accessories,65.23,10,32.615,684.915,Credit card,652.3,4.8,31.3104
664-14-2882,Home and lifestyle,10.53,5,2.6325,55.2825,Credit card,52.65,4.8,2.5272
487-79-6868,Home and lifestyle,12.29,9,5.5305,116.1405,Credit card,110.61,4.8,5.30928
314-23-4520,Health and beauty,81.23,7,28.4305,597.0405,Cash,568.61,4.8,27.29328
210-30-7976,Fashion accessories,22.32,4,4.464,93.744,Ewallet,89.28,4.8,4.28544
585-86-8361,Food and beverages,27.28,5,6.82,143.22,Credit card,136.4,4.8,6.5472
807-14-7833,Electronic accessories,17.42,10,8.71,182.91,Ewallet,174.2,4.8,8.3616
775-72-1988,Home and lifestyle,73.28,5,18.32,384.72,Ewallet,366.4,4.8,17.5872
288-38-3758,Fashion accessories,84.87,3,12.7305,267.3405,Ewallet,254.61,4.8,12.22128
652-43-6591,Fashion accessories,97.29,8,38.916,817.236,Credit card,778.32,4.8,37.35936
785-96-0615,Electronic accessories,35.74,8,14.296,300.216,Ewallet,285.92,4.8,13.72416
406-46-7107,Home and lifestyle,96.52,6,28.956,608.076,Cash,579.12,4.8,27.79776
250-17-5703,Food and beverages,18.85,10,9.425,197.925,Ewallet,188.5,4.8,9.048
156-95-3964,Food and beverages,55.39,4,11.078,232.638,Ewallet,221.56,4.8,10.63488
842-40-8179,Food and beverages,77.2,10,38.6,810.6,Credit card,772,4.8,37.056
525-09-8450,Electronic accessories,72.13,10,36.065,757.365,Credit card,721.3,4.8,34.6224
410-67-1709,Fashion accessories,63.88,8,25.552,536.592,Ewallet,511.04,4.8,24.52992
587-73-4862,Health and beauty,10.69,5,2.6725,56.1225,Ewallet,53.45,4.8,2.5656
787-87-2010,Health and beauty,55.5,4,11.1,233.1,Credit card,222,4.8,10.656
593-14-4239,Home and lifestyle,95.46,8,38.184,801.864,Ewallet,763.68,4.8,36.65664
801-88-0346,Fashion accessories,76.06,3,11.409,239.589,Credit card,228.18,4.8,10.95264
388-76-2555,Sports and travel,13.69,6,4.107,86.247,Cash,82.14,4.8,3.94272
711-31-1234,Electronic accessories,95.64,4,19.128,401.688,Cash,382.56,4.8,18.36288
886-54-6089,Home and lifestyle,11.43,6,3.429,72.009,Cash,68.58,4.8,3.29184
707-32-7409,Sports and travel,95.54,4,19.108,401.268,Ewallet,382.16,4.8,18.34368
759-98-4285,Health and beauty,85.87,7,30.0545,631.1445,Credit card,601.09,4.8,28.85232
201-63-8275,Sports and travel,67.99,7,23.7965,499.7265,Ewallet,475.93,4.8,22.84464
471-06-8611,Food and beverages,52.42,1,2.621,55.041,Credit card,52.42,4.8,2.51616
200-16-5952,Food and beverages,65.65,2,6.565,137.865,Cash,131.3,4.8,6.3024
120-54-2248,Food and beverages,28.86,5,7.215,151.515,Credit card,144.3,4.8,6.9264
102-77-2261,Health and beauty,65.31,7,22.8585,480.0285,Credit card,457.17,4.8,21.94416
875-31-8302,Sports and travel,93.38,1,4.669,98.049,Cash,93.38,4.8,4.48224
102-06-2002,Sports and travel,25.25,5,6.3125,132.5625,Cash,126.25,4.8,6.06
457-94-0464,Electronic accessories,87.87,9,39.5415,830.3715,Ewallet,790.83,4.8,37.95984
629-42-4133,Health and beauty,21.8,8,8.72,183.12,Cash,174.4,4.8,8.3712
534-53-3526,Sports and travel,94.76,4,18.952,397.992,Ewallet,379.04,4.8,18.19392
307-04-2070,Fashion accessories,30.62,1,1.531,32.151,Credit card,30.62,4.8,1.46976
468-99-7231,Home and lifestyle,44.01,8,17.604,369.684,Cash,352.08,4.8,16.89984
516-77-6464,Health and beauty,10.16,5,2.54,53.34,Ewallet,50.8,4.8,2.4384
404-91-5964,Electronic accessories,74.58,7,26.103,548.163,Credit card,522.06,4.8,25.05888
886-77-9084,Electronic accessories,71.89,8,28.756,603.876,Ewallet,575.12,4.8,27.60576
790-38-4466,Health and beauty,10.99,5,2.7475,57.6975,Credit card,54.95,4.8,2.6376
704-10-4056,Health and beauty,60.47,3,9.0705,190.4805,Credit card,181.41,4.8,8.70768
497-37-6538,Sports and travel,58.91,7,20.6185,432.9885,Ewallet,412.37,4.8,19.79376
651-96-5970,Fashion accessories,46.41,1,2.3205,48.7305,Credit card,46.41,4.8,2.22768
400-80-4065,Health and beauty,68.55,4,13.71,287.91,Credit card,274.2,4.8,13.1616
744-16-7898,Home and lifestyle,97.37,10,48.685,1022.385,Credit card,973.7,4.8,46.7376
263-12-5321,Electronic accessories,92.6,7,32.41,680.61,Credit card,648.2,4.8,31.1136
702-72-0487,Electronic accessories,46.61,2,4.661,97.881,Credit card,93.22,4.8,4.47456
605-83-1050,Fashion accessories,27.18,2,2.718,57.078,Ewallet,54.36,4.8,2.60928
443-60-9639,Home and lifestyle,60.87,1,3.0435,63.9135,Cash,60.87,4.8,2.92176
864-24-7918,Sports and travel,24.49,10,12.245,257.145,Cash,244.9,4.8,11.7552
359-94-5395,Health and beauty,92.78,1,4.639,97.419,Credit card,92.78,4.8,4.45344
401-09-4232,Home and lifestyle,86.69,5,21.6725,455.1225,Ewallet,433.45,4.8,20.8056
751-15-6198,Sports and travel,23.01,6,6.903,144.963,Ewallet,138.06,4.8,6.62688
324-41-6833,Electronic accessories,30.2,8,12.08,253.68,Ewallet,241.6,4.8,11.5968
474-33-8305,Fashion accessories,67.39,7,23.5865,495.3165,Ewallet,471.73,4.8,22.64304
759-29-9521,Fashion accessories,48.96,9,22.032,462.672,Cash,440.64,4.8,21.15072
831-81-6575,Electronic accessories,75.59,9,34.0155,714.3255,Cash,680.31,4.8,32.65488
220-68-6701,Home and lifestyle,77.47,4,15.494,325.374,Cash,309.88,4.8,14.87424
618-34-8551,Sports and travel,93.18,2,9.318,195.678,Credit card,186.36,4.8,8.94528
257-60-7754,Electronic accessories,50.23,4,10.046,210.966,Cash,200.92,4.8,9.64416
559-61-5987,Health and beauty,17.75,1,0.8875,18.6375,Cash,17.75,4.8,0.852
189-55-2313,Fashion accessories,62.18,10,31.09,652.89,Ewallet,621.8,4.8,29.8464
565-91-4567,Health and beauty,10.75,8,4.3,90.3,Ewallet,86,4.8,4.128
380-60-5336,Electronic accessories,40.26,10,20.13,422.73,Credit card,402.6,4.8,19.3248
815-04-6282,Sports and travel,64.97,5,16.2425,341.0925,Credit card,324.85,4.8,15.5928
674-56-6360,Electronic accessories,95.15,1,4.7575,99.9075,Cash,95.15,4.8,4.5672
778-34-2523,Electronic accessories,48.62,8,19.448,408.408,Cash,388.96,4.8,18.67008
499-27-7781,Food and beverages,53.21,8,21.284,446.964,Ewallet,425.68,4.8,20.43264
477-59-2456,Fashion accessories,45.44,7,15.904,333.984,Cash,318.08,4.8,15.26784
832-51-6761,Food and beverages,33.88,8,13.552,284.592,Ewallet,271.04,4.8,13.00992
869-11-3082,Health and beauty,96.16,4,19.232,403.872,Credit card,384.64,4.8,18.46272
190-59-3964,Food and beverages,47.16,5,11.79,247.59,Credit card,235.8,4.8,11.3184
366-43-6862,Electronic accessories,52.89,4,10.578,222.138,Ewallet,211.56,4.8,10.15488
186-43-8965,Home and lifestyle,47.68,2,4.768,100.128,Credit card,95.36,4.8,4.57728
784-21-9238,Sports and travel,10.17,1,0.5085,10.6785,Cash,10.17,4.8,0.48816
276-75-6884,Health and beauty,68.71,3,10.3065,216.4365,Cash,206.13,4.8,9.89424
109-86-4363,Sports and travel,60.08,7,21.028,441.588,Credit card,420.56,4.8,20.18688
569-76-2760,Sports and travel,22.01,4,4.402,92.442,Credit card,88.04,4.8,4.22592
222-42-0244,Health and beauty,72.11,9,32.4495,681.4395,Credit card,648.99,4.8,31.15152
760-53-9233,Fashion accessories,41.28,3,6.192,130.032,Credit card,123.84,4.8,5.94432
538-22-0304,Electronic accessories,64.95,10,32.475,681.975,Cash,649.5,4.8,31.176
416-17-9926,Electronic accessories,74.22,10,37.11,779.31,Credit card,742.2,4.8,35.6256
237-44-6163,Electronic accessories,10.56,8,4.224,88.704,Cash,84.48,4.8,4.05504
636-17-0325,Health and beauty,62.57,4,12.514,262.794,Cash,250.28,4.8,12.01344
343-75-9322,Sports and travel,11.85,8,4.74,99.54,Cash,94.8,4.8,4.5504
528-14-9470,Health and beauty,91.3,1,4.565,95.865,Ewallet,91.3,4.8,4.3824
427-45-9297,Home and lifestyle,40.73,7,14.2555,299.3655,Ewallet,285.11,4.8,13.68528
807-34-3742,Fashion accessories,52.38,1,2.619,54.999,Cash,52.38,4.8,2.51424
288-62-1085,Fashion accessories,38.54,5,9.635,202.335,Ewallet,192.7,4.8,9.2496
670-71-7306,Sports and travel,44.63,6,13.389,281.169,Credit card,267.78,4.8,12.85344
660-29-7083,Electronic accessories,55.87,10,27.935,586.635,Cash,558.7,4.8,26.8176
271-77-8740,Sports and travel,29.22,6,8.766,184.086,Ewallet,175.32,4.8,8.41536
497-36-0989,Fashion accessories,51.94,3,7.791,163.611,Cash,155.82,4.8,7.47936
291-59-1384,Electronic accessories,60.3,1,3.015,63.315,Cash,60.3,4.8,2.8944
860-73-6466,Sports and travel,39.47,2,3.947,82.887,Credit card,78.94,4.8,3.78912
549-23-9016,Food and beverages,14.87,2,1.487,31.227,Credit card,29.74,4.8,1.42752
896-34-0956,Fashion accessories,21.32,1,1.066,22.386,Cash,21.32,4.8,1.02336
804-38-3935,Electronic accessories,93.78,3,14.067,295.407,Credit card,281.34,4.8,13.50432
585-90-0249,Electronic accessories,73.26,1,3.663,76.923,Ewallet,73.26,4.8,3.51648
862-29-5914,Sports and travel,22.38,1,1.119,23.499,Credit card,22.38,4.8,1.07424
845-94-6841,Food and beverages,72.88,9,32.796,688.716,Cash,655.92,4.8,31.48416
125-45-2293,Fashion accessories,99.1,6,29.73,624.33,Cash,594.6,4.8,28.5408
843-73-4724,Fashion accessories,74.1,1,3.705,77.805,Cash,74.1,4.8,3.5568
409-33-9708,Fashion accessories,98.48,2,9.848,206.808,Ewallet,196.96,4.8,9.45408
658-66-3967,Health and beauty,53.19,7,18.6165,390.9465,Ewallet,372.33,4.8,17.87184
866-70-2814,Electronic accessories,52.79,10,26.395,554.295,Ewallet,527.9,4.8,25.3392
160-22-2687,Health and beauty,95.95,5,23.9875,503.7375,Ewallet,479.75,4.8,23.028
895-03-6665,Fashion accessories,36.51,9,16.4295,345.0195,Cash,328.59,4.8,15.77232
770-42-8960,Food and beverages,21.12,8,8.448,177.408,Cash,168.96,4.8,8.11008
748-45-2862,Home and lifestyle,28.31,4,5.662,118.902,Cash,113.24,4.8,5.43552
234-36-2483,Health and beauty,57.59,6,17.277,362.817,Cash,345.54,4.8,16.58592
316-66-3011,Food and beverages,47.63,9,21.4335,450.1035,Cash,428.67,4.8,20.57616
848-95-6252,Home and lifestyle,86.27,1,4.3135,90.5835,Ewallet,86.27,4.8,4.14096
840-76-5966,Sports and travel,12.76,2,1.276,26.796,Ewallet,25.52,4.8,1.22496
152-03-4217,Home and lifestyle,11.28,9,5.076,106.596,Credit card,101.52,4.8,4.87296
533-66-5566,Home and lifestyle,51.07,7,17.8745,375.3645,Cash,357.49,4.8,17.15952
124-31-1458,Electronic accessories,79.59,3,11.9385,250.7085,Cash,238.77,4.8,11.46096
176-78-1170,Health and beauty,33.81,3,5.0715,106.5015,Ewallet,101.43,4.8,4.86864
361-59-0574,Sports and travel,90.53,8,36.212,760.452,Credit card,724.24,4.8,34.76352
101-81-4070,Health and beauty,62.82,2,6.282,131.922,Ewallet,125.64,4.8,6.03072
631-34-1880,Food and beverages,24.31,3,3.6465,76.5765,Credit card,72.93,4.8,3.50064
852-82-2749,Sports and travel,64.59,4,12.918,271.278,Ewallet,258.36,4.8,12.40128
873-14-6353,Food and beverages,24.82,7,8.687,182.427,Credit card,173.74,4.8,8.33952
584-66-4073,Fashion accessories,56.5,1,2.825,59.325,Ewallet,56.5,4.8,2.712
544-55-9589,Electronic accessories,21.43,10,10.715,225.015,Cash,214.3,4.8,10.2864
166-19-2553,Sports and travel,89.06,6,26.718,561.078,Cash,534.36,4.8,25.64928
737-88-5876,Home and lifestyle,23.29,4,4.658,97.818,Credit card,93.16,4.8,4.47168
154-87-7367,Home and lifestyle,65.26,8,26.104,548.184,Ewallet,522.08,4.8,25.05984
885-56-0389,Fashion accessories,52.35,1,2.6175,54.9675,Cash,52.35,4.8,2.5128
608-05-3804,Electronic accessories,39.75,1,1.9875,41.7375,Cash,39.75,4.8,1.908
448-61-3783,Electronic accessories,90.02,8,36.008,756.168,Credit card,720.16,4.8,34.56768
761-49-0439,Electronic accessories,12.1,8,4.84,101.64,Ewallet,96.8,4.8,4.6464
490-95-0021,Food and beverages,33.21,10,16.605,348.705,Ewallet,332.1,4.8,15.9408
115-38-7388,Fashion accessories,10.18,8,4.072,85.512,Credit card,81.44,4.8,3.90912
311-13-6971,Sports and travel,31.99,10,15.995,335.895,Credit card,319.9,4.8,15.3552
291-55-6563,Home and lifestyle,34.42,6,10.326,216.846,Ewallet,206.52,4.8,9.91296
548-48-3156,Food and beverages,83.34,2,8.334,175.014,Cash,166.68,4.8,8.00064
460-93-5834,Sports and travel,45.58,7,15.953,335.013,Cash,319.06,4.8,15.31488
325-89-4209,Food and beverages,87.9,1,4.395,92.295,Ewallet,87.9,4.8,4.2192
884-80-6021,Electronic accessories,73.47,10,36.735,771.435,Ewallet,734.7,4.8,35.2656
137-74-8729,Fashion accessories,12.19,8,4.876,102.396,Ewallet,97.52,4.8,4.68096
880-46-5796,Sports and travel,76.92,10,38.46,807.66,Ewallet,769.2,4.8,36.9216
389-70-2397,Health and beauty,83.66,5,20.915,439.215,Cash,418.3,4.8,20.0784
114-35-5271,Electronic accessories,57.91,8,23.164,486.444,Cash,463.28,4.8,22.23744
607-76-6216,Fashion accessories,92.49,5,23.1225,485.5725,Credit card,462.45,4.8,22.1976
715-20-1673,Electronic accessories,28.38,5,7.095,148.995,Cash,141.9,4.8,6.8112
811-35-1094,Electronic accessories,50.45,6,15.135,317.835,Credit card,302.7,4.8,14.5296
699-88-1972,Health and beauty,99.16,8,39.664,832.944,Credit card,793.28,4.8,38.07744
781-84-8059,Fashion accessories,60.74,7,21.259,446.439,Ewallet,425.18,4.8,20.40864
409-49-6995,Food and beverages,47.27,6,14.181,297.801,Cash,283.62,4.8,13.61376
725-54-0677,Health and beauty,85.6,7,29.96,629.16,Cash,599.2,4.8,28.7616
146-09-5432,Food and beverages,35.04,9,15.768,331.128,Ewallet,315.36,4.8,15.13728
377-79-7592,Electronic accessories,44.84,9,20.178,423.738,Credit card,403.56,4.8,19.37088
509-10-0516,Home and lifestyle,45.97,4,9.194,193.074,Ewallet,183.88,4.8,8.82624
595-94-9924,Health and beauty,27.73,5,6.9325,145.5825,Credit card,138.65,4.8,6.6552
865-41-9075,Food and beverages,11.53,7,4.0355,84.7455,Cash,80.71,4.8,3.87408
545-07-8534,Health and beauty,58.32,2,5.832,122.472,Ewallet,116.64,4.8,5.59872
118-62-1812,Home and lifestyle,78.38,4,15.676,329.196,Cash,313.52,4.8,15.04896
450-42-3339,Health and beauty,84.61,10,42.305,888.405,Credit card,846.1,4.8,40.6128
851-98-3555,Health and beauty,82.88,5,20.72,435.12,Credit card,414.4,4.8,19.8912
186-71-5196,Food and beverages,79.54,2,7.954,167.034,Ewallet,159.08,4.8,7.63584
624-01-8356,Home and lifestyle,49.01,10,24.505,514.605,Credit card,490.1,4.8,23.5248
313-66-9943,Food and beverages,29.15,3,4.3725,91.8225,Credit card,87.45,4.8,4.1976
151-27-8496,Electronic accessories,56.13,4,11.226,235.746,Ewallet,224.52,4.8,10.77696
453-33-6436,Home and lifestyle,93.12,8,37.248,782.208,Cash,744.96,4.8,35.75808
522-57-8364,Fashion accessories,51.34,8,20.536,431.256,Ewallet,410.72,4.8,19.71456
459-45-2396,Food and beverages,99.6,3,14.94,313.74,Cash,298.8,4.8,14.3424
717-96-4189,Electronic accessories,35.49,6,10.647,223.587,Cash,212.94,4.8,10.22112
722-13-2115,Sports and travel,42.85,1,2.1425,44.9925,Credit card,42.85,4.8,2.0568
749-81-8133,Fashion accessories,94.67,4,18.934,397.614,Cash,378.68,4.8,18.17664
777-67-2495,Home and lifestyle,68.97,3,10.3455,217.2555,Ewallet,206.91,4.8,9.93168
636-98-3364,Electronic accessories,26.26,3,3.939,82.719,Ewallet,78.78,4.8,3.78144
246-55-6923,Home and lifestyle,35.79,9,16.1055,338.2155,Credit card,322.11,4.8,15.46128
181-82-6255,Home and lifestyle,16.37,6,4.911,103.131,Cash,98.22,4.8,4.71456
838-02-1821,Home and lifestyle,12.73,2,1.273,26.733,Credit card,25.46,4.8,1.22208
887-42-0517,Sports and travel,83.14,7,29.099,611.079,Credit card,581.98,4.8,27.93504
457-12-0244,Sports and travel,35.22,6,10.566,221.886,Ewallet,211.32,4.8,10.14336
226-34-0034,Electronic accessories,13.78,4,2.756,57.876,Ewallet,55.12,4.8,2.64576
321-49-7382,Sports and travel,88.31,1,4.4155,92.7255,Credit card,88.31,4.8,4.23888
397-25-8725,Health and beauty,39.62,9,17.829,374.409,Credit card,356.58,4.8,17.11584
431-66-2305,Electronic accessories,88.25,9,39.7125,833.9625,Credit card,794.25,4.8,38.124
825-94-5922,Sports and travel,25.31,2,2.531,53.151,Ewallet,50.62,4.8,2.42976
641-62-7288,Home and lifestyle,99.92,6,29.976,629.496,Ewallet,599.52,4.8,28.77696
756-93-1854,Fashion accessories,83.35,2,8.335,175.035,Credit card,166.7,4.8,8.0016
243-55-8457,Food and beverages,74.44,10,37.22,781.62,Ewallet,744.4,4.8,35.7312
458-10-8612,Health and beauty,64.08,7,22.428,470.988,Ewallet,448.56,4.8,21.53088
501-61-1753,Home and lifestyle,63.15,6,18.945,397.845,Ewallet,378.9,4.8,18.1872
235-06-8510,Home and lifestyle,85.72,3,12.858,270.018,Ewallet,257.16,4.8,12.34368
433-08-7822,Health and beauty,78.89,7,27.6115,579.8415,Ewallet,552.23,4.8,26.50704
361-85-2571,Sports and travel,89.48,5,22.37,469.77,Cash,447.4,4.8,21.4752
131-70-8179,Health and beauty,92.09,3,13.8135,290.0835,Cash,276.27,4.8,13.26096
500-02-2261,Food and beverages,57.29,6,17.187,360.927,Ewallet,343.74,4.8,16.49952
720-72-2436,Food and beverages,66.52,4,13.304,279.384,Ewallet,266.08,4.8,12.77184
702-83-5291,Fashion accessories,99.82,9,44.919,943.299,Cash,898.38,4.8,43.12224
809-69-9497,Home and lifestyle,45.68,10,22.84,479.64,Ewallet,456.8,4.8,21.9264
449-16-6770,Health and beauty,50.79,5,12.6975,266.6475,Credit card,253.95,4.8,12.1896
333-23-2632,Health and beauty,10.08,7,3.528,74.088,Cash,70.56,4.8,3.38688
489-82-1237,Electronic accessories,93.88,7,32.858,690.018,Credit card,657.16,4.8,31.54368
859-97-6048,Electronic accessories,84.25,2,8.425,176.925,Credit card,168.5,4.8,8.088
676-10-2200,Fashion accessories,53.78,1,2.689,56.469,Ewallet,53.78,4.8,2.58144
373-88-1424,Home and lifestyle,35.81,5,8.9525,188.0025,Ewallet,179.05,4.8,8.5944
365-16-4334,Food and beverages,26.43,8,10.572,222.012,Ewallet,211.44,4.8,10.14912
503-21-4385,Health and beauty,39.91,3,5.9865,125.7165,Ewallet,119.73,4.8,5.74704
305-89-2768,Home and lifestyle,21.9,3,3.285,68.985,Ewallet,65.7,4.8,3.1536
574-80-1489,Food and beverages,62.85,4,12.57,263.97,Ewallet,251.4,4.8,12.0672
784-08-0310,Food and beverages,21.04,4,4.208,88.368,Cash,84.16,4.8,4.03968
200-40-6154,Home and lifestyle,65.91,6,19.773,415.233,Cash,395.46,4.8,18.98208
846-10-0341,Fashion accessories,42.57,7,14.8995,312.8895,Cash,297.99,4.8,14.30352
577-34-7579,Food and beverages,50.49,9,22.7205,477.1305,Cash,454.41,4.8,21.81168
430-02-3888,Electronic accessories,46.02,6,13.806,289.926,Cash,276.12,4.8,13.25376
867-47-1948,Home and lifestyle,15.8,10,7.9,165.9,Cash,158,4.8,7.584
384-59-6655,Food and beverages,98.66,9,44.397,932.337,Cash,887.94,4.8,42.62112
256-58-3609,Fashion accessories,91.98,1,4.599,96.579,Cash,91.98,4.8,4.41504
324-92-3863,Electronic accessories,20.89,2,2.089,43.869,Cash,41.78,4.8,2.00544
593-08-5916,Fashion accessories,15.5,1,0.775,16.275,Credit card,15.5,4.8,0.744
364-34-2972,Electronic accessories,96.82,3,14.523,304.983,Cash,290.46,4.8,13.94208
794-42-3736,Food and beverages,33.33,2,3.333,69.993,Credit card,66.66,4.8,3.19968
172-42-8274,Electronic accessories,38.27,2,3.827,80.367,Credit card,76.54,4.8,3.67392
558-60-5016,Home and lifestyle,33.3,9,14.985,314.685,Ewallet,299.7,4.8,14.3856
195-06-0432,Home and lifestyle,81.01,3,12.1515,255.1815,Credit card,243.03,4.8,11.66544
605-03-2706,Health and beauty,15.8,3,2.37,49.77,Cash,47.4,4.8,2.2752
214-30-2776,Electronic accessories,34.49,5,8.6225,181.0725,Credit card,172.45,4.8,8.2776
746-04-1077,Food and beverages,84.63,10,42.315,888.615,Credit card,846.3,4.8,40.6224
448-34-8700,Home and lifestyle,36.91,7,12.9185,271.2885,Ewallet,258.37,4.8,12.40176
452-04-8808,Electronic accessories,87.08,7,30.478,640.038,Cash,609.56,4.8,29.25888
531-56-4728,Home and lifestyle,80.08,3,12.012,252.252,Cash,240.24,4.8,11.53152
744-82-9138,Fashion accessories,86.13,2,8.613,180.873,Cash,172.26,4.8,8.26848
883-69-1285,Fashion accessories,49.92,2,4.992,104.832,Credit card,99.84,4.8,4.79232
221-25-5073,Food and beverages,74.66,4,14.932,313.572,Cash,298.64,4.8,14.33472
518-71-6847,Food and beverages,26.6,6,7.98,167.58,Ewallet,159.6,4.8,7.6608
156-20-0370,Electronic accessories,25.45,1,1.2725,26.7225,Credit card,25.45,4.8,1.2216
151-33-7434,Food and beverages,67.77,1,3.3885,71.1585,Credit card,67.77,4.8,3.25296
728-47-9078,Food and beverages,59.59,4,11.918,250.278,Cash,238.36,4.8,11.44128
809-46-1866,Health and beauty,58.15,4,11.63,244.23,Cash,232.6,4.8,11.1648
139-32-4183,Sports and travel,97.48,9,43.866,921.186,Ewallet,877.32,4.8,42.11136
148-41-7930,Health and beauty,99.96,7,34.986,734.706,Cash,699.72,4.8,33.58656
189-40-5216,Electronic accessories,96.37,7,33.7295,708.3195,Cash,674.59,4.8,32.38032
374-38-5555,Fashion accessories,63.71,5,15.9275,334.4775,Ewallet,318.55,4.8,15.2904
764-44-8999,Health and beauty,14.76,2,1.476,30.996,Ewallet,29.52,4.8,1.41696
552-44-5977,Health and beauty,62,8,24.8,520.8,Credit card,496,4.8,23.808
267-62-7380,Electronic accessories,82.34,10,41.17,864.57,Ewallet,823.4,4.8,39.5232
430-53-4718,Health and beauty,75.37,8,30.148,633.108,Credit card,602.96,4.8,28.94208
886-18-2897,Food and beverages,56.56,5,14.14,296.94,Credit card,282.8,4.8,13.5744
602-16-6955,Sports and travel,76.6,10,38.3,804.3,Ewallet,766,4.8,36.768
745-74-0715,Electronic accessories,58.03,2,5.803,121.863,Ewallet,116.06,4.8,5.57088
690-01-6631,Fashion accessories,17.49,10,8.745,183.645,Ewallet,174.9,4.8,8.3952
652-49-6720,Electronic accessories,60.95,1,3.0475,63.9975,Ewallet,60.95,4.8,2.9256
233-67-5758,Health and beauty,40.35,1,2.0175,42.3675,Ewallet,40.35,4.8,1.9368
303-96-2227,Home and lifestyle,97.38,10,48.69,1022.49,Ewallet,973.8,4.8,46.7424
727-02-1313,Food and beverages,31.84,1,1.592,33.432,Cash,31.84,4.8,1.52832
347-56-2442,Home and lifestyle,65.82,1,3.291,69.111,Cash,65.82,4.8,3.15936
849-09-3807,Fashion accessories,88.34,7,30.919,649.299,Cash,618.38,4.8,29.68224